target,title,url,source,published,summary,fetched_at
キオクシア,日経平均7万円は通過点？キオクシア、東京エレクトロンなど生成AIが導く半導体産業の構造変化 - トウシル,https://news.google.com/rss/articles/CBMiWkFVX3lxTE5sdjZ3ZUVOMTRjeU9FZ2Jqbml1S0Fma2stNklEbk5LeFFodXNxNVB2V3VDdW5wcFI0OTVBVUhYWjZNUVA4ODNkUWZXQnhRU2xHNkNaOTJycVVvQQ?oc=5,トウシル,2026-06-05 23:00,日経平均7万円は通過点？キオクシア、東京エレクトロンなど生成AIが導く半導体産業の構造変化&nbsp;&nbsp;トウシル,2026-06-08 16:08
キオクシア,ソフトバンクG、キオクシアHD、巴工業など／本日の注目個別銘柄(フィスコ) - Yahoo!ファイナンス,https://news.google.com/rss/articles/CBMihwFBVV95cUxNbzZfQ0hObGZDeGo3QWxvaktjOE1DQlphRjJsWnZMQl8xbjluUGJsS0Z5WlJXeExSTm45YjViRml1bW9rXzdESlFKdS05ZEtCRno3MzczNUt4ZVRxNWVkOG10Nkt0d0NKakozc2VzVUlkTTZDWnpQMXZjRWZ0S1RnYnFkSkxHalU?oc=5,Yahoo!ファイナンス,2026-06-08 07:29,ソフトバンクG、キオクシアHD、巴工業など／本日の注目個別銘柄(フィスコ)&nbsp;&nbsp;Yahoo!ファイナンス,2026-06-08 16:08
キオクシア,日経平均は２７００円程度安、売買代金はキオクシア、ソフバンＧ、村田製が上位 速報 - kabushiki.jp,https://news.google.com/rss/articles/CBMiR0FVX3lxTFBmb0xINjVTMHNlNUhwQlN3SjRxZFRLRWowVU14RUtRMk90cFlrQ00xNXpmNi1wdlRzQkFNYnFhaDZseHNIckFj?oc=5,kabushiki.jp,2026-06-08 05:04,日経平均は２７００円程度安、売買代金はキオクシア、ソフバンＧ、村田製が上位 速報&nbsp;&nbsp;kabushiki.jp,2026-06-08 16:08
キオクシア,［動画］メモリ株はまだ買えるのか（マイクロンの目標株価を1100ドルに引き上げる。キオクシアの目標株価を8万5000円とする） - トウシル,https://news.google.com/rss/articles/CBMiWkFVX3lxTE5KVmV6RTF2RE1tVG1PZTlIX1ZXbC1PWEVDcmlrYU92QjBRTi1WNnllRHh5RVRtcnFrTV9panh1ekdlczhpTWFpV2VJcXdpTHFKQldoZ0FjQ3VmZw?oc=5,トウシル,2026-06-08 07:46,［動画］メモリ株はまだ買えるのか（マイクロンの目標株価を1100ドルに引き上げる。キオクシアの目標株価を8万5000円とする）&nbsp;&nbsp;トウシル,2026-06-08 16:08
キオクシア,話題株ピックアップ【夕刊】（3）：西武ＨＤ、ソフトウェア、キオクシア(株探ニュース) - Yahoo!ファイナンス,https://news.google.com/rss/articles/CBMihwFBVV95cUxPTnBmNXppUW1uMkRhYXVfREhuMS1ZSlhBRnJiR1dPcDBCdVBfQlhtVFFTRWJFYWlVaGd3TXEtX3Z3dWhjNnhCRFIwNzZUdm85NEZpV1ZnazBXQkRNdTVXNmYzSElHUDBic2x5Zlc3NllzdThpZ3MzZ1N4bFJ6MGtIYTNmSnN4ZHM?oc=5,Yahoo!ファイナンス,2026-06-08 06:49,話題株ピックアップ【夕刊】（3）：西武ＨＤ、ソフトウェア、キオクシア(株探ニュース)&nbsp;&nbsp;Yahoo!ファイナンス,2026-06-08 16:08
キオクシア,キオクシア株高後押した韓国市場休場､次のタイミングは？ - 四季報オンライン,https://news.google.com/rss/articles/CBMiV0FVX3lxTE9INFhsNWJXSW1YbjFacWw3YWk0UHE2MHp0RFlURTlhY2VwSG0tVnh6aDMwZUhHWm5kY0pnZkowOHdGcER6V295NnBSTnJoaDhBU194clQ3QQ?oc=5,四季報オンライン,2026-06-08 02:30,キオクシア株高後押した韓国市場休場､次のタイミングは？&nbsp;&nbsp;四季報オンライン,2026-06-08 16:08
キオクシア,キオクシアの2026年3月期決算、8年ぶりに営業利益が過去最高を更新：福田昭のストレージ通信（315）（1/2 ページ） - EE Times Japan,https://news.google.com/rss/articles/CBMib0FVX3lxTE0xaHNCYy1OamVJRi1lZThmOUl3czNvRnJKZTktX3U3bG1YN3VheDgwcGYzZklEUlFtZXdjSWwxOGlXYkFQVG1PTHh2NGxuRjd1MV9ybkxncjVVdVd3ZFBualA1MldZT1JLS1ZXbGpkbw?oc=5,EE Times Japan,2026-06-08 01:30,キオクシアの2026年3月期決算、8年ぶりに営業利益が過去最高を更新：福田昭のストレージ通信（315）（1/2 ページ）&nbsp;&nbsp;EE Times Japan,2026-06-08 16:08
キオクシア,キオクシアHD、累進配当と成長戦略を強化 スーパーサイクル期待で投資妙味高まる - au Webポータル,https://news.google.com/rss/articles/CBMie0FVX3lxTFBQaTIzdUlneHQ2cUdUbDVXWUR0ZmFJTlB4dnNtSFVGdjVoT0RMWlRGWmlJcXVmUFVzaTlsSU40VmZIV3ZWQmNlUzFDUnNMSDdOR19IMk85dkwyUDRoLVZOcUR4WkNQZUZQMmJHdmI1Y2VPblpkQml0UXF5QQ?oc=5,au Webポータル,2026-06-06 23:46,キオクシアHD、累進配当と成長戦略を強化 スーパーサイクル期待で投資妙味高まる&nbsp;&nbsp;au Webポータル,2026-06-08 16:08
キオクシア,キオクシアHD、累進配当と成長戦略を強化　スーパーサイクル期待で投資妙味高まる - 財経新聞,https://news.google.com/rss/articles/CBMiY0FVX3lxTE1lamVQazBRMTV2Ri0wV2Z0WjFNdE5IWkdEbFlMVFUxd1hGQl8zMUtlQmFJNHN2X0lfaUo1VXA4Y1hxSWN1U2VIZDMya3Nmd1VLWFlKNEVzSGZaRjl3RFN3Y0pGNNIBaEFVX3lxTE1oZUZPVkNVcHBRdzlHcHE0LUI3blZRVFo4WUozSk1nUDNHa19ndUhBS01sUlhpSGVOYUI5TWhxdmVWWlZZczE4akFJT01Wa2RDSHI0aWV2c09Id1AyaElXS0t0b1AteDlF?oc=5,財経新聞,2026-06-06 23:46,キオクシアHD、累進配当と成長戦略を強化　スーパーサイクル期待で投資妙味高まる&nbsp;&nbsp;財経新聞,2026-06-08 16:08
キオクシア,キオクシアＨＤ、5月売買代金は34兆円 ＡＩ・半導体関連が上位に - Reuters,https://news.google.com/rss/articles/CBMigAFBVV95cUxPUi1YVVY2Y093R2RjWm1HZ3VYT1NFMEEzaS11YmE5MjVqTmJaZHpyVHUtZWM5T2lnWUVMbDZFeDFIcHFIdVVDakRXT2NMUWJQTUcxa1lqS3dXT19ZOE1DSmpmcmdFMXZ4ZjZLLW1kT1l4d1AxMHRnWVI2ckxoWjlwMQ?oc=5,Reuters,2026-06-05 04:37,キオクシアＨＤ、5月売買代金は34兆円 ＡＩ・半導体関連が上位に&nbsp;&nbsp;Reuters,2026-06-08 16:08
キオクシア,【材料】 キオクシア---大幅反落、米SOX指数が10％超の下落で半導体株に売り - 株探(かぶたん),https://news.google.com/rss/articles/CBMiYEFVX3lxTE1qc1VnTlRKYURoWEdOemhlaFdzY3BXeVd1OHFLSmxDQkJBcXVtbEJoX3R0c2p2VTItU3VtTUYtSTY0dGpCZ1dmdkJsRmpOSXJWa0U2RlR0TmJRNnkzcGFCbQ?oc=5,株探(かぶたん),2026-06-08 01:07,【材料】 キオクシア---大幅反落、米SOX指数が10％超の下落で半導体株に売り&nbsp;&nbsp;株探(かぶたん),2026-06-08 16:08
キオクシア,キオクシア－売り気配 米ハイテク株安を嫌気 SOX指数は10％超の下落(トレーダーズ・ウェブ) - Yahoo!ファイナンス,https://news.google.com/rss/articles/CBMihwFBVV95cUxOa3BDNTdna2tKc2pGNEU1dTVkUFR5YnBWNjM1dGVPN0g0MGFZQXRCU1c0Sjk0UkVuel9vY3pMZkRvVXpQTTZGYWNRNHNFMldRb0llMWoxdjRETXJuQ2lOMUdtdDRPN3NSR2RrMFVEaFpGeHFJUVN5TEZTQzI5bTBoMVB3N1Njd1U?oc=5,Yahoo!ファイナンス,2026-06-08 00:01,キオクシア－売り気配 米ハイテク株安を嫌気 SOX指数は10％超の下落(トレーダーズ・ウェブ)&nbsp;&nbsp;Yahoo!ファイナンス,2026-06-08 16:08
キオクシア,"続・メモリ株はまだ買えるのか（キオクシア、IRDAYを開催。目標株価をキオクシア8万5,000円→12万円、マイクロン1,100ドル→1,500ドルに引き上げる） - トウシル",https://news.google.com/rss/articles/CBMiWkFVX3lxTE1wYnNFME85NDk2ckoxQU1tRDNTemRGeDJTbVpKamxjbjFWeXpORkMyRTkydFFKX1dMRWZqbkxWSXVVVzlHSk9tcTR6RFkydVh6M09iMlFtM2JIQQ?oc=5,トウシル,2026-06-08 07:00,"続・メモリ株はまだ買えるのか（キオクシア、IRDAYを開催。目標株価をキオクシア8万5,000円→12万円、マイクロン1,100ドル→1,500ドルに引き上げる）&nbsp;&nbsp;トウシル",2026-06-08 16:08
キオクシア,キオクシア、一時トヨタ超え ＡＩ追い風、時価総額２位に迫る - 時事ドットコム,https://news.google.com/rss/articles/CBMiY0FVX3lxTE50cFhValNxbXkxUWNkSGZ5Q0dvM2FwbEVRRGxFb1Jxdjl0VENjbGtvS1NnT2w1MUVrcHRXb1JITGljYVVoZ2dwWWtBZ0J4QXB6aHBOS2tiR3FLZ1pzTjRfcDYwSQ?oc=5,時事ドットコム,2026-06-03 11:16,キオクシア、一時トヨタ超え ＡＩ追い風、時価総額２位に迫る&nbsp;&nbsp;時事ドットコム,2026-06-08 16:08
キオクシア,キオクシアやSBGなど、SBI証券の手口から見えることは - 日経CNBC online,https://news.google.com/rss/articles/CBMiVEFVX3lxTFBKM2JYSV9Fd2E1Y18yZWJYZTY0R0N4ZXZaMk9TTFJlVjhWVnlxV3MtclFJQnFuYVNyMFlDcjBpWFlMbzRBS0k3bjJnUGJkTWZjSmpVaA?oc=5,日経CNBC online,2026-06-08 04:14,キオクシアやSBGなど、SBI証券の手口から見えることは&nbsp;&nbsp;日経CNBC online,2026-06-08 16:08
キオクシア,【材料】 ＜特別気配＞ キオクシア、ＳＢＧ、フジクラが売り気配 - 株探(かぶたん),https://news.google.com/rss/articles/CBMiYEFVX3lxTE9FRThMckl2Zm84cDBCSm9QbkQ5WVpoSWNHak9ORDUxVlRmRXEyS3dJSGxuVzA0LTlRNUJWVkluSEhVUUhIWDNoTktoV2ZBWlFyN0R5by01YU9mc2VidDZsZQ?oc=5,株探(かぶたん),2026-06-08 00:03,【材料】 ＜特別気配＞ キオクシア、ＳＢＧ、フジクラが売り気配&nbsp;&nbsp;株探(かぶたん),2026-06-08 16:08
キオクシア,【市況】 注目銘柄ダイジェスト（前場）:ソフトバンクG、キオクシアHD、カプコンなど - 株探(かぶたん),https://news.google.com/rss/articles/CBMiYEFVX3lxTFBnQ2pvNUlwTnAzTkVIT2dmZ1EtZVJybXpURVQyb2djamZHT3Z6V3M2bXJfTFVHSU1rR2dBYzM0MmZBSzYtZnlEeEJKU01RQ05JN0dlMWY0S25iX00tOHpXYw?oc=5,株探(かぶたん),2026-06-08 02:49,【市況】 注目銘柄ダイジェスト（前場）:ソフトバンクG、キオクシアHD、カプコンなど&nbsp;&nbsp;株探(かぶたん),2026-06-08 16:08
キオクシア,大引け概況－日経平均は大幅に3日続落 キオクシアＨＤが大幅下落(トレーダーズ・ウェブ) - Yahoo!ファイナンス,https://news.google.com/rss/articles/CBMihwFBVV95cUxQM0lia3h4cGxnZVNLMERrY0dwWW9LX0dCOEtLTGktMi1RSlQ0M0RqbjFscjZDSU5hWDRCTXBRSGxBUW4tVXhZdjRWRktBWDBRV3lEMDYzc0VqS1dIc05UeG1Qa21SMjZDbWo3d0ZHWjdtWFNqT3k3a2dZWkY5WEFVWTJ3NmhwcWM?oc=5,Yahoo!ファイナンス,2026-06-08 06:51,大引け概況－日経平均は大幅に3日続落 キオクシアＨＤが大幅下落(トレーダーズ・ウェブ)&nbsp;&nbsp;Yahoo!ファイナンス,2026-06-08 16:08
キオクシア,【特報】 寄前【成行注文】売り越しランキング キオクシア、ＳＢＧ、村田製 [08:35] - 株探(かぶたん),https://news.google.com/rss/articles/CBMiYEFVX3lxTE5xSnlxaGNZV3FOQ0VMSEZ1b3JDbVg5RnZpczQ2cXNLenUwcWlER3Z3WVRCbVBoM202RXhiSXFzcUxVUE9reU1oMldrUVpKZFotOE0wUnFLWmVXUXZMQ3RrSg?oc=5,株探(かぶたん),2026-06-07 23:36,【特報】 寄前【成行注文】売り越しランキング キオクシア、ＳＢＧ、村田製 [08:35]&nbsp;&nbsp;株探(かぶたん),2026-06-08 16:08
キオクシア,日経平均は２７００円程度安、売買代金はキオクシア、ソフバンＧ、村田製が上位(ウエルスアドバイザー) - Yahoo!ファイナンス,https://news.google.com/rss/articles/CBMihwFBVV95cUxNaXp3SmRRYUlEa3ZrRnBQaHRfVHg4a3ZGMWhxSjR6Ry02UlU1M1JxTmIwODJBdGc0Nm5HTXFXYlh4MTJ1aWFiWEJ1d19IVlllNnFISFBBQTRMWXdaeDZpTlo1YTQ3ZkFzQzUwZVZobGR6bFRBc1EtMTlGQnJ0N1I5MFF4cWRoMWM?oc=5,Yahoo!ファイナンス,2026-06-08 05:04,日経平均は２７００円程度安、売買代金はキオクシア、ソフバンＧ、村田製が上位(ウエルスアドバイザー)&nbsp;&nbsp;Yahoo!ファイナンス,2026-06-08 16:08
キオクシア,【材料】 関電化はＳ高、キオクシア関連で産業用ガスの拡大期待の資金流入が加速 - 株探(かぶたん),https://news.google.com/rss/articles/CBMiYEFVX3lxTE9PNHNBbW1oTFdySDU4cEctMVEtR2xOdU9uN0tkRXZPaWZ1Ty1ralRVNFNwTXFRbEgzcjFmcXVLaUx1QnJJNjU1MnpsNEhSRUtfeFFtNzNqZmJNbmFzR192Sw?oc=5,株探(かぶたん),2026-06-04 04:13,【材料】 関電化はＳ高、キオクシア関連で産業用ガスの拡大期待の資金流入が加速&nbsp;&nbsp;株探(かぶたん),2026-06-08 16:08
キオクシア,【特報】 話題株先取り【特別気配】速報 ＜買いトップ 日経Ｄインバ、売りトップ キオクシア＞ - 株探(かぶたん),https://news.google.com/rss/articles/CBMiYEFVX3lxTE9zYnBSLXdOcjZGRF9tMmV3YWVjLTE1MkdmYVlyRTdCNGpTWGFBRE9nejB2R0NvajRQSnFGM3hCb1hNNFpRa0ZTb2Fscmp0dTRWRmpERmNveGp6dERMZ090Nw?oc=5,株探(かぶたん),2026-06-08 00:03,【特報】 話題株先取り【特別気配】速報 ＜買いトップ 日経Ｄインバ、売りトップ キオクシア＞&nbsp;&nbsp;株探(かぶたん),2026-06-08 16:08
キオクシア,キオクシア、社長「株価は資本市場の評価」 27年度に配当開始予定 - Reuters,https://news.google.com/rss/articles/CBMifkFVX3lxTE1pOFh3WUd5TnI3MTlUVHMzR2NJMEo4VGctU1A4SjVUOGxtWTJEM2ZZOVZTOTJNZl9ha2p1cFNoSnExbVNQdzU5OTk2RE1TNkxlbVlJT1JoRW9qTWFnUnRaWVM5UWQ5d2FxMXdpc0hxcVpvQUtfOHZwNGJpSDhnQQ?oc=5,Reuters,2026-06-02 22:56,キオクシア、社長「株価は資本市場の評価」 27年度に配当開始予定&nbsp;&nbsp;Reuters,2026-06-08 16:08
キオクシア,キオクシアが第10世代BiCS FLASHで332層を選んだ理由：「過度な高積層化には課題」（1/3 ページ） - EE Times Japan,https://news.google.com/rss/articles/CBMib0FVX3lxTE9ScTR1eVBZdGJpNHFieFlOTlItUm5TWUF6amhGMFFaYktGZDZHU0ZnSXRienBGNDJxRG1QaG9OMm9qY0l4VlRsSkxxWktMeXQ2NDNsMzBoVVNaajQ1Q1pHTDZpbUJTamZXR0JKTHlJNA?oc=5,EE Times Japan,2026-06-04 02:00,キオクシアが第10世代BiCS FLASHで332層を選んだ理由：「過度な高積層化には課題」（1/3 ページ）&nbsp;&nbsp;EE Times Japan,2026-06-08 16:08
キオクシア,キオクシアHD、時価総額で一時国内2位に 45兆円超えトヨタ抜く - 朝日新聞,https://news.google.com/rss/articles/CBMiZ0FVX3lxTE5vN3ZNZHJqbC04ZjBCYmFmV29HNDFqV09uZk1MYzY4TEJER2JPT21wUnJpd1BNb1RrUjgwTklMNTY0LXg2d0R6bnFRZVVpeTg0NVR6ejBaVHZmb2hsdXhvMldvTEh3NU0?oc=5,朝日新聞,2026-06-03 03:18,キオクシアHD、時価総額で一時国内2位に 45兆円超えトヨタ抜く&nbsp;&nbsp;朝日新聞,2026-06-08 16:08
キオクシア,【特報】 寄前【板状況】注文ランキング 【買いトップ】ケアサプライ 【売りトップ】キオクシア [08:53] - 株探(かぶたん),https://news.google.com/rss/articles/CBMiYEFVX3lxTE4xamhVQVB4VllTYWtubDZhenYxT3AzOVIyUktmNDFGUEVodEVHZUhYVlNKYy12S2d5RlNOUGlEbjZhN0kzWU9OWUlQTlVlOHVvSUI2QTdzRjRRbEV2MFRfLQ?oc=5,株探(かぶたん),2026-06-07 23:53,【特報】 寄前【板状況】注文ランキング 【買いトップ】ケアサプライ 【売りトップ】キオクシア [08:53]&nbsp;&nbsp;株探(かぶたん),2026-06-08 16:08
キオクシア,後場の日経平均は2431円安でスタート、キオクシアHDやソフトバンクGなどが下落／後場の寄り付き概況(フィスコ) - Yahoo!ファイナンス,https://news.google.com/rss/articles/CBMihwFBVV95cUxPVDFpeFduVmVlQlp3bVctS3Y3YTdkdGpLU0xNckNmVFBwQ09pRUFFcF9kcHJ2Vnh5cE83VzBJVXFTbS05T0k2VWd0N1laZEFhZFc1dl92NEloWkNfd0NjLUx3LS1SMjBsUXNnZDh1eHJodG9PT2FoSWtCT2p2ZmZSSVZuSXhYUmM?oc=5,Yahoo!ファイナンス,2026-06-08 03:54,後場の日経平均は2431円安でスタート、キオクシアHDやソフトバンクGなどが下落／後場の寄り付き概況(フィスコ)&nbsp;&nbsp;Yahoo!ファイナンス,2026-06-08 16:08
キオクシア,【特報】 寄前【板状況】注文ランキング 【買いトップ】ケアサプライ 【売りトップ】キオクシア [08:33] - 株探(かぶたん),https://news.google.com/rss/articles/CBMiYEFVX3lxTFBsYlIzWUQzZGR2WC0weDA1VUtNZ09hbFh5S25UMGJDN1NqdDdOUmEzVXBaV1huS1RxR3ZzMkkyWmlrcXNnM0JnckctdGNwdTNwY0VzZ3d3d21ncFpmMXVnZw?oc=5,株探(かぶたん),2026-06-07 23:33,【特報】 寄前【板状況】注文ランキング 【買いトップ】ケアサプライ 【売りトップ】キオクシア [08:33]&nbsp;&nbsp;株探(かぶたん),2026-06-08 16:08
キオクシア,５日のＡＤＲ動向＝円換算値で全面安、キオクシア、住友電工、フジクラなど安い(ウエルスアドバイザー) - Yahoo!ファイナンス,https://news.google.com/rss/articles/CBMihwFBVV95cUxPdjI4aU5CWFhNaUV4LXdzeGxSSkhpRDhyenowRm1JYVVTamxodTRweE9IdGxDZG5KbllOQnhkdnA4YmNORGJ5dlN2c014MXJidzNkYzNqQms3WGo2YUlBX3Y3WFVPdm9mNnZMM1ctQTVnV0RBRDY1ZjBXaXNUNHVXa0dUVEU4WE0?oc=5,Yahoo!ファイナンス,2026-06-07 22:40,５日のＡＤＲ動向＝円換算値で全面安、キオクシア、住友電工、フジクラなど安い(ウエルスアドバイザー)&nbsp;&nbsp;Yahoo!ファイナンス,2026-06-08 16:08
キオクシア,前場コメント No.1 エターナルホスヒ、ＢｉｔｃｏｉｎＪ、キオクシアＨＤ、巴工業、日置電、ＪＩＮＳＨＤ(トレーダーズ・ウェブ) - Yahoo!ファイナンス,https://news.google.com/rss/articles/CBMihwFBVV95cUxQTE9naWQ4UnlFYi1Bbko2YkVYZHpIMXhNOXJkYTIyaE0wWVBHRTk3aENyS1lHSFNkODQtZjVnMC1YOG5yZ2c1YlAtZ2JZMm9pTVI4MkVTdUcxUm41ZFhpR2lHdFVFNEdvQ2lSMkswYU84UVdDajVSYm5HNXRUWTlxRVpYOENMQU0?oc=5,Yahoo!ファイナンス,2026-06-08 02:32,前場コメント No.1 エターナルホスヒ、ＢｉｔｃｏｉｎＪ、キオクシアＨＤ、巴工業、日置電、ＪＩＮＳＨＤ(トレーダーズ・ウェブ)&nbsp;&nbsp;Yahoo!ファイナンス,2026-06-08 16:08
キオクシア,「一本足打法」の半導体キオクシア 巨額赤字から一転、最高益のなぜ - 朝日新聞,https://news.google.com/rss/articles/CBMiZ0FVX3lxTE1sdThSckJwVTFCUDA4WjNDcl9lRkdQdGpDQUo1ZVdPS0k3azBpS2FVQVVvS1E2ZG9kX196Yjdha0FQM1o2a3hFVHNQQlhpaFhCU1VzUWJCenlBVEthOWZGS1dhV1JQOTA?oc=5,朝日新聞,2026-06-02 20:00,「一本足打法」の半導体キオクシア 巨額赤字から一転、最高益のなぜ&nbsp;&nbsp;朝日新聞,2026-06-08 16:08
キオクシア,キオクシア－岩井コスモが目標株価引き上げ 競争優位性を改めて確認できた〔DZH 個別株情報〕(時事通信) - Yahoo!ファイナンス,https://news.google.com/rss/articles/CBMihwFBVV95cUxPczBhY2p2QThyNHVGYzVHNFp4UU5pNS11Y0pKVFBxOXNxUTB0NGI5WS1VbWZINlJ5TEIyajRmZlRscERiYzhWMWw1dGtpemF2M3ViM1Y1ajVKX25INWVRYmdhYWxCWHRfdFZOSjhaRjRTQ2Y0YmhNZ2dHUHJtNmlZZ3U1dXI5bUk?oc=5,Yahoo!ファイナンス,2026-06-04 04:06,キオクシア－岩井コスモが目標株価引き上げ 競争優位性を改めて確認できた〔DZH 個別株情報〕(時事通信)&nbsp;&nbsp;Yahoo!ファイナンス,2026-06-08 16:08
キオクシア,東芝から分社化のキオクシア、時価総額が一時「トヨタ超え」…ＡＩ追い風にメモリー半導体が需要増加 - 読売新聞,https://news.google.com/rss/articles/CBMiZEFVX3lxTE5LVG9YREtWUmlTRUdfRTBGM2NRUU5nRW9NdkQ1YnFOWGkyTzJrRGxNck5ZZFJfQ2N3QW91d1lZZWNBQW9mOU1nZGhPdGZNZXhqS09HN3VpeElrVnlqTV9VT1BxRmM?oc=5,読売新聞,2026-06-03 20:00,東芝から分社化のキオクシア、時価総額が一時「トヨタ超え」…ＡＩ追い風にメモリー半導体が需要増加&nbsp;&nbsp;読売新聞,2026-06-08 16:08
キオクシア,【報ステ】3カ月間で“利益”1兆円超え『キオクシア』社長に聞く爆発的成長の理由 - テレ朝NEWS,https://news.google.com/rss/articles/CBMickFVX3lxTFBrTjlIYVFMd1hUWkU3TGRWenFkTzY1cVAzQ09JdXgzby1tZnd4VjFRdzhxX1FLZGFDWVEtQnhBTUVrdUNNU095Ylk1bk5uQUdhVzZwRFAzMmlkVUJmaGJHRk5vcE11TmdsYW1YSFhmblJWdw?oc=5,テレ朝NEWS,2026-06-04 15:21,【報ステ】3カ月間で“利益”1兆円超え『キオクシア』社長に聞く爆発的成長の理由&nbsp;&nbsp;テレ朝NEWS,2026-06-08 16:08
キオクシア,AI特需と国策支援で拡大するキオクシア──市場が問う収益成長力 - 財経新聞,https://news.google.com/rss/articles/CBMiY0FVX3lxTFBvZzFOdjF3SGVWM2w3a2dPNGNyWlBFUHM5bzFObGdPdE1EaVFxNDZhdTlGU2Fucm9rMnNyT01IalY4dlRZT3g1S3V1ODg3WlU2YjJpeFZoMFNQWUtEQ2d6THZaWdIBaEFVX3lxTE5UMHhnbVhwUXR5eHhPS2lrNGVwMHRUOHZkVWVhampFSTVPNXpUMFBYSm83eGowVnRYUjh0QllYbllDMm1CS0IyS1RYYlZZbkhBTzE3OFk5RUJ1bDEteGJ6c1pNWTJfbE96?oc=5,財経新聞,2026-06-08 07:40,AI特需と国策支援で拡大するキオクシア──市場が問う収益成長力&nbsp;&nbsp;財経新聞,2026-06-08 16:08
キオクシア,【材料】 ＜特別気配＞ キオクシア、ＳＢＧ、フジクラが買い気配 - 株探(かぶたん),https://news.google.com/rss/articles/CBMiYEFVX3lxTE40RVA3OHg1SlpTa0hrbjgtMWo4SlhrRGNVemkwdmotaW1hdlIwSFpxcWdTYlVGRXFpWEpoZk0wbHhFR3BPR19OclFFcHNQSXVwaXo5Q3ZYb3BXdnJwWk5NaA?oc=5,株探(かぶたん),2026-06-03 00:03,【材料】 ＜特別気配＞ キオクシア、ＳＢＧ、フジクラが買い気配&nbsp;&nbsp;株探(かぶたん),2026-06-08 16:08
キオクシア,キオクシア---大幅反落、米SOX指数が10％超の下落で半導体株に売り 執筆： Fisco - Investing.com - FX | 株式市場 | ファイナンス | 金融ニュース,https://news.google.com/rss/articles/CBMicEFVX3lxTFBnTzF4STBqMzJwUkFZdy1Pd3dWdWRWQlNjaWc0ZEowdUQyanlqZzNkT1VIdFdoQ09kcjV4YXJVRlNNTU04Vmh3VUNVMWRoVFZyTHVNa0xyUlk2Q3hJWlZwZkZLclhDZ3RTcFJacHowajc?oc=5,Investing.com - FX | 株式市場 | ファイナンス | 金融ニュース,2026-06-08 01:07,キオクシア---大幅反落、米SOX指数が10％超の下落で半導体株に売り 執筆： Fisco&nbsp;&nbsp;Investing.com - FX | 株式市場 | ファイナンス | 金融ニュース,2026-06-08 16:08
キオクシア,「スーパーサイクルに入る」とキオクシア、変動の谷も小さく：設備投資3年で1.4兆円へ（1/3 ページ） - EE Times Japan,https://news.google.com/rss/articles/CBMib0FVX3lxTE1RU1F5S3JPN2pDUlJITXJGWHVJc0dDZUR2cFlRSERvRk9Ob0o2ejNlaHdSN25kU2wtSnZuQ3AxTzRuVzA5blNVOGRGcFZNU3d2NnNKYk8zb3hxWkhOZk04UkQtaWdkVXBMblUxdVhDQQ?oc=5,EE Times Japan,2026-06-02 12:31,「スーパーサイクルに入る」とキオクシア、変動の谷も小さく：設備投資3年で1.4兆円へ（1/3 ページ）&nbsp;&nbsp;EE Times Japan,2026-06-08 16:08
キオクシア,キオクシアの四半期売上高、2期連続で過去最高額を更新：福田昭のストレージ通信（314）（1/2 ページ） - EE Times Japan,https://news.google.com/rss/articles/CBMib0FVX3lxTE5nV1JXLVR4bXVlSzU3VFpxWlA4dHZDWWJVNUZSdU9yYXprdHBFbi1JTTlFRGp3VmUtYlhqb1RVNDhqSkw4VExleF9hRk1aZXZsU1hPb3lhZDFNdlpCSGhpajVRbHNNZFNnSWYwRWZtNA?oc=5,EE Times Japan,2026-06-03 02:00,キオクシアの四半期売上高、2期連続で過去最高額を更新：福田昭のストレージ通信（314）（1/2 ページ）&nbsp;&nbsp;EE Times Japan,2026-06-08 16:08
キオクシア,マーケット早耳情報＝話題株の後場寄り前成り行き注文状況―キオクシア、フジクラ、村田製など 速報 - kabushiki.jp,https://news.google.com/rss/articles/CBMiR0FVX3lxTE1mZXV2ZGJNZVhvZWQ3ZFVaeDE5ajZWYWZmWldiZnJjOWEyd3RQTzNBWTVhbDNoWWRiUndKLUhKVUx3RzIxaHg4?oc=5,kabushiki.jp,2026-06-08 03:26,マーケット早耳情報＝話題株の後場寄り前成り行き注文状況―キオクシア、フジクラ、村田製など 速報&nbsp;&nbsp;kabushiki.jp,2026-06-08 16:08
キオクシア,【COMPUTEX2026】キオクシア、AI推論へSSD強化 GPU性能引き出す高速ストレージ（電波新聞デジタル） - Yahoo!ニュース,https://news.google.com/rss/articles/CBMif0FVX3lxTE02ZUNNRnZIR3FMcjdQaHNzXzBWXzYzMjNMNGI2WFNDRWtwMjBCelB5d2JRa1kwU0JsaXdCSS1kVXpMV0NLLWJiRDdFTWFCZUpqemFJTXZKaFNMdG14cnU3UERHRHMzaE1RZFVOVW15eUpFMkQxelNLbDJpRE56OFU?oc=5,Yahoo!ニュース,2026-06-04 01:48,【COMPUTEX2026】キオクシア、AI推論へSSD強化 GPU性能引き出す高速ストレージ（電波新聞デジタル）&nbsp;&nbsp;Yahoo!ニュース,2026-06-08 16:08
キオクシア,日経平均株価 初の6万8000円台 キオクシア株が上昇し、一時 時価総額がトヨタ超え 国内2位に - TBS NEWS DIG,https://news.google.com/rss/articles/CBMidEFVX3lxTE95Z3ZiX0xfU3R0T0ZVdmM5Wk5vZTc3N1Q0bW9ENGxwU2pzRzBpR21WUnQ3U2JfakM4VXVFbl9YNzhVQ2lWaVhhb1FMWUJWRHNyakNFUU52cEYwcGNsWExrY1FGdWdlU2VERUxOejB4ZXBVU1hG?oc=5,TBS NEWS DIG,2026-06-03 01:02,日経平均株価 初の6万8000円台 キオクシア株が上昇し、一時 時価総額がトヨタ超え 国内2位に&nbsp;&nbsp;TBS NEWS DIG,2026-06-08 16:08
キオクシア,キオクシア－4日続伸 きょう投資家向け説明会を予定 米メモリー株上昇も材料視(トレーダーズ・ウェブ) - Yahoo!ファイナンス,https://news.google.com/rss/articles/CBMihwFBVV95cUxNSXB0RkRsNnp1RUo0ZkxiWUNWb2FLTl95OUxXYlBzU3pXYXhQT2g4eEZPajNudUgxd0ZyMFctNUpvN3pkTUpJdE5mZVQ1Q1dkZ0lqMGVEMkpKWmNtX0xCWWtrRndZa0Voa2RMcnF4TDVOSENiUlEwT0pvRUtlNEVuYngzbkJXVXM?oc=5,Yahoo!ファイナンス,2026-06-02 00:01,キオクシア－4日続伸 きょう投資家向け説明会を予定 米メモリー株上昇も材料視(トレーダーズ・ウェブ)&nbsp;&nbsp;Yahoo!ファイナンス,2026-06-08 16:08
キオクシア,キオクシア、3年間で成長投資2.1兆円 累進配当導入 ただ配当の水準は見通せず - 日経CNBC online,https://news.google.com/rss/articles/CBMiVEFVX3lxTE9IVXJDUTQ0cjk1bkZMREphVkE3aVlQaEY1cHhQUzFEVmJkRnlTRGNWeExoSmVQb2lURlNqUzJFOW9sX01yRlMyczR1YzVZRzNyQnFGdQ?oc=5,日経CNBC online,2026-06-02 23:30,キオクシア、3年間で成長投資2.1兆円 累進配当導入 ただ配当の水準は見通せず&nbsp;&nbsp;日経CNBC online,2026-06-08 16:08
キオクシア,キオクシア時価総額 一時45兆円に トヨタを抜く場面も（TBS NEWS DIG Powered by JNN） - Yahoo!ニュース,https://news.google.com/rss/articles/CBMif0FVX3lxTE5BdUx3aGhGQm1UNm5KMTZGVXQzQi1aWF82dC1GZWF6WHNuRVpJSzd6aktPaUxacEpUSGdmaUQ4MkhCOUZNbUdnWFl0ZDhNQzQtVkVjV2x3U2FVRzRRYl84bXRTckRxMFlvMWlwdTMwOHBvSWk1YzZORWFhdDhyUXM?oc=5,Yahoo!ニュース,2026-06-03 00:46,キオクシア時価総額 一時45兆円に トヨタを抜く場面も（TBS NEWS DIG Powered by JNN）&nbsp;&nbsp;Yahoo!ニュース,2026-06-08 16:08
キオクシア,キオクシア、27年度から「累進配当」実施＝26年度下期に前倒しの可能性も(時事通信) - Yahoo!ファイナンス,https://news.google.com/rss/articles/CBMihwFBVV95cUxQcTRsWUpBaS1ibVBwVEViTGluMUdic29UTFR4bzRaLUh6RHJCMXp6cF9nN0wtb1RwSVVlVWVDM2lhZTVmVFg5TDlvMndEenR0YlBOMkNtcUt4ay0xVW9vWlRLaU42eDk2WktlMUZ2aDA4UFhHMWhOb292TDZocW1WUE5pTVlPbFU?oc=5,Yahoo!ファイナンス,2026-06-02 12:45,キオクシア、27年度から「累進配当」実施＝26年度下期に前倒しの可能性も(時事通信)&nbsp;&nbsp;Yahoo!ファイナンス,2026-06-08 16:08
キオクシア,キオクシアHD、累進配当政策開始の方針－AIブームで利益急拡大 - Bloomberg.com,https://news.google.com/rss/articles/CBMid0FVX3lxTE9pYkFwYmtUSHA0TkFLOWFXVTVGanl6V3RiZFRYMVdrbC1qczk1SjFyNHh4cXIyN2cySFVtd1FiNGp6ZlMxOEYyYUNQRWJKdFdBNldFcmVPNjBSN1RwdlFrS05HdUpNaFRoUnVpQzJqbnRHS1JZd3ZZ?oc=5,Bloomberg.com,2026-06-02 23:07,キオクシアHD、累進配当政策開始の方針－AIブームで利益急拡大&nbsp;&nbsp;Bloomberg.com,2026-06-08 16:08
キオクシア,再送キオクシア、社長「株価は資本市場の評価」 27年度に配当開始予定（ロイター） - Yahoo!ニュース,https://news.google.com/rss/articles/CBMif0FVX3lxTE9OdFR5LXJ5anBJVXZHRmswWERTQjVrSG5xWXgxQkdOVEFXYXlNOWk2UEFUdVdsQmpOV09BbWV1WTVzZXRVVTJfOWhheDdrRGp3VGYwa20xZEVmU0ZwWnZyTzZab0duQVB5R0VPSW1SSGtaN2RMd1VrMjdaeGpGYTQ?oc=5,Yahoo!ニュース,2026-06-02 22:58,再送キオクシア、社長「株価は資本市場の評価」 27年度に配当開始予定（ロイター）&nbsp;&nbsp;Yahoo!ニュース,2026-06-08 16:08
キオクシア,ついに“トヨタ超え”急騰キオクシアの裏で…半導体6社比較で見えた「AIバブル格差」（ビジネス＋IT） - Yahoo!ニュース,https://news.google.com/rss/articles/CBMif0FVX3lxTFB2elVXMktqZC1QRXhLWlhEcGd2VERyc2J2WXN3NXVUNXp4MHk1TFlEb1o0RGQxMUd4LWZtUnZ6QWVQR3hsRmhqMUNpT1RhbXQtUmtIbEtZZnhUaUFGSmJCU2ZnajhZV0ZnZnpKbXl2c3d0OGxRakJrVDE0b29oNmM?oc=5,Yahoo!ニュース,2026-06-03 21:30,ついに“トヨタ超え”急騰キオクシアの裏で…半導体6社比較で見えた「AIバブル格差」（ビジネス＋IT）&nbsp;&nbsp;Yahoo!ニュース,2026-06-08 16:08
キオクシア,キオクシアの時価総額40兆円超、トヨタに迫る AI需要でV字回復 - 毎日新聞,https://news.google.com/rss/articles/CBMiaEFVX3lxTFBBUkUzT29VeWZaQ0Y3TXVheUQyQjhucTF5ZlZxNFlRdW9JaXY4UUJqQWcxVkdndVBZeDBMbmVBRzdTeFhpU3AtUGNYYktZS0k4YUdFdTRSY0NKMlZTLTZiT25IVVUxX1Qx?oc=5,毎日新聞,2026-06-02 11:25,キオクシアの時価総額40兆円超、トヨタに迫る AI需要でV字回復&nbsp;&nbsp;毎日新聞,2026-06-08 16:08
キオクシア,キオクシアの時価総額、一時トヨタ超え 上場から1年半で50倍以上に - ITmedia,https://news.google.com/rss/articles/CBMibEFVX3lxTFBaa2FwYm9uM3NSaTBaWjNQbFNGMXpVVkdDYlJJenZmOG4zWkRsM2k4Wk16eHpBTlNzeFRMY3dxUkpJQzZ6cTZNSFp5QVNRRFNuc21yRUh1S21vY3RLamp1bVZsMHE4ZGV3T3RkUg?oc=5,ITmedia,2026-06-03 07:38,キオクシアの時価総額、一時トヨタ超え 上場から1年半で50倍以上に&nbsp;&nbsp;ITmedia,2026-06-08 16:08
キオクシア,日経平均、早くも7万円目前 AI活況でキオクシアは一時トヨタ超え - 朝日新聞,https://news.google.com/rss/articles/CBMiZ0FVX3lxTE9ObFRma2F2cVZuSEZsc2hrdkE0eERPMGZQWDF0bU9jZkxGYlRQak1ZMmdPMjNwYlFxZXZPeWJVaTRKSF9rWUhPd1k5c243U0E0THRqRVpFam8td1dyNkNvMllRVlN0dFU?oc=5,朝日新聞,2026-06-03 13:29,日経平均、早くも7万円目前 AI活況でキオクシアは一時トヨタ超え&nbsp;&nbsp;朝日新聞,2026-06-08 16:08
キオクシア,キオクシア、どん底から急伸 源流は東芝、曲折たどり上場１年半 ＡＩ活況、専業ＮＡＮＤに光 - 朝日新聞,https://news.google.com/rss/articles/CBMiXEFVX3lxTFAyNmptdktxRVVXVmhaTHh1QkhkTVRGRHQ4NzVXQndzai1oclI4NEJmSmdWWk1lZGNSUEFHQU90MnQxWmtxS00zX1g2M2lWOWY2cHY4M0s1TVh2d0Uw?oc=5,朝日新聞,2026-06-02 20:00,キオクシア、どん底から急伸 源流は東芝、曲折たどり上場１年半 ＡＩ活況、専業ＮＡＮＤに光&nbsp;&nbsp;朝日新聞,2026-06-08 16:08
キオクシア,キオクシアはまだまだ上がると見る理由 - マネクリ,https://news.google.com/rss/articles/CBMiVEFVX3lxTE5yakR4SWtRWkFLU1Z0Nkw3bHpYbG53Z3laSXA2Mm5manpnRFYzVjNDbEhxNlF0WnR4Tkl1RW9fQjRkZmU3MHdZTmR1MXBNUk8zRGdMYtIBV0FVX3lxTE1WQ3N2U1NBVE1fV2ozY2pVdFhqOTZuQmt2bkRBVlQ5VUtkRVhMX2xUOGpyM1ZpZmlFNThZeXhEcmFEeW5BOVlmMmoxX1lkNzYyT2VYbjgzSQ?oc=5,マネクリ,2026-05-22 07:00,キオクシアはまだまだ上がると見る理由&nbsp;&nbsp;マネクリ,2026-06-08 16:08
キオクシア,キオクシアＨＤの時価総額、トヨタ自動車抜き２位に…一時４５兆円上回る - 読売新聞,https://news.google.com/rss/articles/CBMiZEFVX3lxTE92Yi1TUV9GVlFUWEVnWmpuQTM5RVlWamhMOGQzUGUwODRWTGpscThiUi1jMUFrSFBVeTViZldNaXRldkF2c0hHZVpmbWpYS2VMblA3YTQtcFFRR2Z2cFpNTkRJdi0?oc=5,読売新聞,2026-06-03 02:34,キオクシアＨＤの時価総額、トヨタ自動車抜き２位に…一時４５兆円上回る&nbsp;&nbsp;読売新聞,2026-06-08 16:08
キオクシア,キオクシア株が配当方針の発表を受けて最高値を更新 執筆 - Investing.com - FX | 株式市場 | ファイナンス | 金融ニュース,https://news.google.com/rss/articles/CBMicEFVX3lxTE14bUFXMmJ5WFlKUFA3ZE5obTdJOW5rNTRSRmRWUUZxNU91cEtMZVBuN2ptTkZ4d3Q2S012V2J5RXBKRUZBOFprdERNSUVXRWN5aUluQU8xVDJOb0lvWFRUOXZxMmQ0cXpTcXYxMHFUWEc?oc=5,Investing.com - FX | 株式市場 | ファイナンス | 金融ニュース,2026-06-03 05:16,キオクシア株が配当方針の発表を受けて最高値を更新 執筆&nbsp;&nbsp;Investing.com - FX | 株式市場 | ファイナンス | 金融ニュース,2026-06-08 16:08
キオクシア,【材料】 キオクシアが７万円台に突入、モメンタム株への資金流入続き外資系証券の格上げも - 株探(かぶたん),https://news.google.com/rss/articles/CBMiYEFVX3lxTE1fam5lWkdNMGQySFFSQkRNQnNUV0JQd1FROHc1eUN6VlYyZno0WjI4TTNhZ3VVQ09lQTBrQ2xnV2E3ZUtOV1BVaVY3WDE5ckJjM2dGSUdWQ1RMR0RrZTAzNw?oc=5,株探(かぶたん),2026-06-01 00:58,【材料】 キオクシアが７万円台に突入、モメンタム株への資金流入続き外資系証券の格上げも&nbsp;&nbsp;株探(かぶたん),2026-06-08 16:08
キオクシア,キオクシアHD、来期から配当開始を検討－AI向けで急成長し還元に道筋（Bloomberg） - Yahoo!ニュース,https://news.google.com/rss/articles/CBMif0FVX3lxTE1KdUpqX3pGTHotQ3RvWEJISlU4S3JEVTVnX0RuT2VIRnQ5ckNEUU53VVRvTjBPM29ZWmlLdmRPc3ZCTENvaHoyajliMGpRODFXV1BPREFfUWxyMjg3R2EyeGh4WGJGUmtzdUIybnI1MTBoZnE1dVZTcXVMMHlLbVk?oc=5,Yahoo!ニュース,2026-06-02 06:54,キオクシアHD、来期から配当開始を検討－AI向けで急成長し還元に道筋（Bloomberg）&nbsp;&nbsp;Yahoo!ニュース,2026-06-08 16:08
キオクシア,キオクシア---大幅反落、米SOX指数が10％超の下落で半導体株に売り - ｄメニューニュース,https://news.google.com/rss/articles/CBMihwFBVV95cUxQTTRCU1BmdVJpdmYyNkxRbEhuUE8yN0RTdTltbV9QWmtDM28tQ2p6WWhZZlYxOFhSYklfVGs0aGRFUk5oSWZFTFhHSnlUQkhXU1RYbW0xQVF3MVlNNTVkS0JNWWwzVW5rMTZXQ3JDeTM0bldFOVlpT1UydmpJTmJxcWZpVEE3SnPSAYwBQVVfeXFMT2lkRU8tSUhHNWIzRFB6VERfTzBDTHZ0X0g0TlA3QzNjX2l6akExNVAwaWYtS0paMjM4RkoyWVl6ZHJDYk9QODdMamFBbnlZemxoWkREVmgtbF9zeTdFblJ3dnZmUVBlSzhUZDZkRTc3OHNyRk9qUVRmbENFeURWN2tHS0l2bDJhUG5sRno?oc=5,ｄメニューニュース,2026-06-08 01:07,キオクシア---大幅反落、米SOX指数が10％超の下落で半導体株に売り&nbsp;&nbsp;ｄメニューニュース,2026-06-08 16:08
キオクシア,キオクシアHDは日本株の羅針盤、今期の大幅増益＆上方修正が期待できる「第2のキオクシア」を探せ！ - ダイヤモンド・オンライン,https://news.google.com/rss/articles/CBMiTEFVX3lxTFBSbHVBZEpEdURZczlIbGJjWFI2SFZvSHp0V2NQdG95LVZDOF81ampYTDVvWEZnbEo1cGp0ZDV1dHhDOW1jbnhfcEM3WXTSAU9BVV95cUxOZllXV0ROUThldXQ4dXZ0ZVhTWHdyRXFjek1fdE5mekZCMGY3a09NYnhjS0pwVXlnVHRTT3F6ZjhlVW1QQTJoeTAxeG03TGJ3?oc=5,ダイヤモンド・オンライン,2026-05-29 07:00,キオクシアHDは日本株の羅針盤、今期の大幅増益＆上方修正が期待できる「第2のキオクシア」を探せ！&nbsp;&nbsp;ダイヤモンド・オンライン,2026-06-08 16:08
キオクシア,キオクシアを買うために、換金売りされる金 - 三菱マテリアル GOLDPARK,https://news.google.com/rss/articles/CBMiX0FVX3lxTE9QTTlLaFZWQ2Vyd2g2MnBSbExEVkRSaXpwcEwwMWFsWFhraG5LZUwtMjJLcXFrNzR1Wm9mRHVuNXc3OGRGVk1uR25fa2tCZkdHZEY4VXd1WXZhYTRJRkl3?oc=5,三菱マテリアル GOLDPARK,2026-06-01 08:06,キオクシアを買うために、換金売りされる金&nbsp;&nbsp;三菱マテリアル GOLDPARK,2026-06-08 16:08
キオクシア,キオクシアの好決算でさらに関心が高まる半導体メモリ関連銘柄 - 三菱UFJ eスマート証券,https://news.google.com/rss/articles/CBMiVEFVX3lxTFBlR1dJRmIxYWVkLV9JZG5iVllubHY3TXlDWjdpS2VtSjJJelZTb1NTM0haa29XUjU3ekE4REEzMW9OMDE1aU9td3ZCb1pTa3RHWnMzMg?oc=5,三菱UFJ eスマート証券,2026-05-28 07:00,キオクシアの好決算でさらに関心が高まる半導体メモリ関連銘柄&nbsp;&nbsp;三菱UFJ eスマート証券,2026-06-08 16:08
キオクシア,キオクシアHDは上値追い､IPO後の1年半で50倍超に - 四季報オンライン,https://news.google.com/rss/articles/CBMiV0FVX3lxTFB4NEh5eFppbXlmVDhkeW0taDhXZzlHd0U4dUdJNm4walhtUmZMWFpHbVJ6d1liaW1zRTh1SmZjaV9zejZxcEJMaUlLdS1JRHFBN0hEYnAwdw?oc=5,四季報オンライン,2026-06-01 03:05,キオクシアHDは上値追い､IPO後の1年半で50倍超に&nbsp;&nbsp;四季報オンライン,2026-06-08 16:08
キオクシア,【材料】 ＜特別気配＞ キオクシア、ＳＢＧ、フジクラが買い気配 - 株探(かぶたん),https://news.google.com/rss/articles/CBMiYEFVX3lxTE5HV2Z1QTRmZ3JZbFVyTkFSWnVBV0I2V0RsYjZOeWNiZkswMnhHQUZwUVpidGlWaHJqMWRORkRqLTBCWEpQNG1zV1p4ck54TV81ZEVYVW13Zm40UUJYMU5BZg?oc=5,株探(かぶたん),2026-05-21 07:00,【材料】 ＜特別気配＞ キオクシア、ＳＢＧ、フジクラが買い気配&nbsp;&nbsp;株探(かぶたん),2026-06-08 16:08
キオクシア,【特報】 寄前【板状況】注文ランキング 【買いトップ】ＯＴＳ 【売りトップ】キオクシア [08:53] - 株探(かぶたん),https://news.google.com/rss/articles/CBMiYEFVX3lxTE5uaHZ1b1R2bjYxRXlWWWNXekJHZ3hNWUlsaS05RlItN3FUdnJzYjN5WklLd0Y4QTBXUUc3SmtYdXhud3IxWC1Zc3FpaUhjVjM5VFpyU3NuSjZaYW0zNVdpMQ?oc=5,株探(かぶたん),2026-06-04 23:53,【特報】 寄前【板状況】注文ランキング 【買いトップ】ＯＴＳ 【売りトップ】キオクシア [08:53]&nbsp;&nbsp;株探(かぶたん),2026-06-08 16:08
キオクシア,キオクシアの時価総額が一時45兆円で国内2位に トヨタ上回る AIブームの波に乗る - khb東日本放送,https://news.google.com/rss/articles/CBMiT0FVX3lxTFBJc1NGVHl1cTlVc3FiamNDbS1nSzlBdTN4eFdtanVleXRycF9ZMERIalQ5MmpEeFNSOXFJSDFwajkxZ1BpQVQyNE5sNmxzeW8?oc=5,khb東日本放送,2026-06-04 00:38,キオクシアの時価総額が一時45兆円で国内2位に トヨタ上回る AIブームの波に乗る&nbsp;&nbsp;khb東日本放送,2026-06-08 16:08
キオクシア,キオクシアが時価総額2位に一時浮上、トヨタ上回る ＡＩ相場を象徴 - Reuters,https://news.google.com/rss/articles/CBMijAFBVV95cUxQdU54QXdRZzBiNThNalhma0VEQmZRUGZaRFZKM1VOYTlwOC1SOENRYWJrekFqdkZ6SE5SRmZxQXNtano1UjZNamRXaTAtU2V6d2V5bGVSYll0SlNwRHVYTjdEUFowSGpmX3hxcUpyNm9qanhYUy04NE95ODFtdGN3NUxWREEtVEs1QWxXMQ?oc=5,Reuters,2026-06-03 00:54,キオクシアが時価総額2位に一時浮上、トヨタ上回る ＡＩ相場を象徴&nbsp;&nbsp;Reuters,2026-06-08 16:08
キオクシア,決算発表で株価急騰のキオクシア、ストップ高銘柄、新たに買っても大丈夫？ - トウシル,https://news.google.com/rss/articles/CBMiWkFVX3lxTE1DdGw1Y0plRlJOMERhOWpUWWFaa2VaMXdzYWJ4X3dmb1BocDlBeHNEWFNma3ByX2hINFFYd0Z4NlJzbE8yWDA4ZTZZTzVWRTd4UFFpSEVBb1dvdw?oc=5,トウシル,2026-05-21 07:00,決算発表で株価急騰のキオクシア、ストップ高銘柄、新たに買っても大丈夫？&nbsp;&nbsp;トウシル,2026-06-08 16:08
キオクシア,【特報】 寄前【成行注文】買い越しランキング キオクシア、アドテスト、古河電 [08:36] - 株探(かぶたん),https://news.google.com/rss/articles/CBMiYEFVX3lxTFBEX0piVHRhRWlrQ3hlbXB5cHBRZWdxcmttemRJbFVRcHUxellMbHZySTZoZDdJRFpIV2o0OWljM0Z2WEdHMmxzM0J2NWQ4ckxMYlkxanNMdzV0T1RWenMzeA?oc=5,株探(かぶたん),2026-06-02 23:36,【特報】 寄前【成行注文】買い越しランキング キオクシア、アドテスト、古河電 [08:36]&nbsp;&nbsp;株探(かぶたん),2026-06-08 16:08
キオクシア,日経平均7万円は通過点？キオクシア、東京エレクトロンなど生成AIが導く半導体産業の構造変化 - トウシル,https://news.google.com/rss/articles/CBMiY0FVX3lxTFBsc0VoYXNGamZaNU9NODdMSmI2TXRPWFpjY2JSc2czWlJkVmszYTJuZGRIdTVkTi1WMlJXdi1rMUpoVXNHN0w3OFhPT0EzZXB6S2ZERUxWczdHNWQxaE1ENnVRbw?oc=5,トウシル,2026-06-05 23:00,日経平均7万円は通過点？キオクシア、東京エレクトロンなど生成AIが導く半導体産業の構造変化&nbsp;&nbsp;トウシル,2026-06-08 16:08
キオクシア,[写真]AI特需と国策支援で拡大するキオクシア──市場が問う収益成長力 - 財経新聞,https://news.google.com/rss/articles/CBMiVEFVX3lxTE1nSmdPY0phczRKNXQybmVvSFJvX3I5SmR6ckdkMHhQZmRiaGNpeHJpY1o5Slo5WU5KcHVOS19qOGh1NGhjOXRaOHd4RE5pZzdhMGh4QQ?oc=5,財経新聞,2026-06-08 07:40,[写真]AI特需と国策支援で拡大するキオクシア──市場が問う収益成長力&nbsp;&nbsp;財経新聞,2026-06-08 16:08
キオクシア,【材料】 ＜特別気配＞ キオクシア、サンリオ、リクルートが買い気配 - 株探(かぶたん),https://news.google.com/rss/articles/CBMiYEFVX3lxTE1KYWx0aXY3bktnRnZyTk54OWhGUU9xVG14S05XWTNURURITTZobFZxOGUzQk1zRGdwZEFnZ1dzdTBnbHB5UFdIS1dkSkJ5cXhVRWFhVnBTdTdQU3FyWFJPNA?oc=5,株探(かぶたん),2026-06-01 00:03,【材料】 ＜特別気配＞ キオクシア、サンリオ、リクルートが買い気配&nbsp;&nbsp;株探(かぶたん),2026-06-08 16:08
キオクシア,【特報】 寄前【成行注文】売り越しランキング キオクシア、ＳＢＧ、東エレク [08:35] - 株探(かぶたん),https://news.google.com/rss/articles/CBMiYEFVX3lxTFAyaFNkQm55eV9hRGZwZ0R6ODQ1aHRuRTI3NDNPbjJIanlDUnZUTDJrczcxUElsa2ZKX3BnQXpFeTdtS0ZDNGd3Nk0yWVZWems5dUdTeHlNeEVuX0c5dTM4Tg?oc=5,株探(かぶたん),2026-06-03 23:35,【特報】 寄前【成行注文】売り越しランキング キオクシア、ＳＢＧ、東エレク [08:35]&nbsp;&nbsp;株探(かぶたん),2026-06-08 16:08
キオクシア,キオクシア、一時トヨタ超え ＡＩ追い風、時価総額２位に迫る - 時事ドットコム,https://news.google.com/rss/articles/CBMiggFBVV95cUxPRHl1N3pjWXA1RlVwYzJDeS1ld3B5MzFZWkdCTE1qUTlFU3NoSkFVaXJTeVZOZHF6dFNNU2txZmJUbzcxdk1fLVBKZXhkZUF0eEQtWGdDT013UjlOUHdlSVg1VVJpZDNFd2lqUWtpU0M2MTRMQV9zS1J2VkdIRDZSZlBB?oc=5,時事ドットコム,2026-06-03 11:16,キオクシア、一時トヨタ超え ＡＩ追い風、時価総額２位に迫る&nbsp;&nbsp;時事ドットコム,2026-06-08 16:08
キオクシア,キオクシア：「Interop Tokyo 2026」への出展について - Business Wire,https://news.google.com/rss/articles/CBMiZ0FVX3lxTE1RcXJZZ2d4dlA3cjNGd1RHVlM5cTlMYUZHeDhmTWRhb01mNjR6cDM2aWlKdFNxWnIxSmlzenVpLU5waVU4UTNyaGNiSHRWek1fb1ZLcGdZbkVyQUQzYnFDcTFzQ1F5Q28?oc=5,Business Wire,2026-06-04 05:03,キオクシア：「Interop Tokyo 2026」への出展について&nbsp;&nbsp;Business Wire,2026-06-08 16:08
キオクシア,寄前【板状況】注文ランキング 【買いトップ】日立 【売りトップ】キオクシア [08:33](株探ニュース) - Yahoo!ファイナンス,https://news.google.com/rss/articles/CBMihwFBVV95cUxQdmlGZ3BaNThVUUFhSjRKRnUyZTF2bVV0aVhFV0VQcGVSc05tV0Z2bll0T3F1aDVvNF9INy1wZTJpcE1kYnp3NWw1eWNGRE5TMUt5OTBvTnh3YTlIZ3dJWFl1akxTcXVGQXFockxoWFRaN3JEc2Y5WkYtVkdMeERMRWp5aHZ6STQ?oc=5,Yahoo!ファイナンス,2026-06-04 23:50,寄前【板状況】注文ランキング 【買いトップ】日立 【売りトップ】キオクシア [08:33](株探ニュース)&nbsp;&nbsp;Yahoo!ファイナンス,2026-06-08 16:08
日本電波工業,日本電波工業(株)【6779】：今の株価の理由は？値動きの背景をAIが解説 - Yahoo!ファイナンス,https://news.google.com/rss/articles/CBMiX0FVX3lxTE5oZXN4OUpadUV2c2xGYkJsQUlfYzNrRWs5YnJiZ1pVZFNVcC1lSE9wbVJldnRnOW92YzAwTHB1RTVkd1lCWjJuZVRWZnRLc29JX3I3di1HMmZ3Nm5SR2pJ?oc=5,Yahoo!ファイナンス,2026-06-05 07:09,日本電波工業(株)【6779】：今の株価の理由は？値動きの背景をAIが解説&nbsp;&nbsp;Yahoo!ファイナンス,2026-06-08 16:08
日本電波工業,日本電波工---ストップ高、先週末に決算説明会を開催のもよう - 株探(かぶたん),https://news.google.com/rss/articles/CBMiYEFVX3lxTE5kenZlSUFqRmxmd2hRaEtibXJZWGJHNTY4MWh1d0dya25kMFlCVGRRclJ4bTFORnJXcUxna1JTelZaUzJmeG1nd1c5b1dacW5STVBNT3hZZlBPLXZlWkVvVw?oc=5,株探(かぶたん),2026-05-25 07:00,日本電波工---ストップ高、先週末に決算説明会を開催のもよう&nbsp;&nbsp;株探(かぶたん),2026-06-08 16:08
日本電波工業,日本電波工業（6779）の株式を3か月間保有した投資家の株価リターンは？【2026年6月4日】 - LIMO | くらしとお金の経済メディア,https://news.google.com/rss/articles/CBMiUkFVX3lxTFBtanhjcXVHSUtRTGpYaVl2OVAyRmIyeXRmQ2tmaW9lY2JGbjJJLXdITnpTXzQ2a0tlUjNkNkg2cmhVay1kQlVFSlhOUk41aXpqSEE?oc=5,LIMO | くらしとお金の経済メディア,2026-06-05 01:26,日本電波工業（6779）の株式を3か月間保有した投資家の株価リターンは？【2026年6月4日】&nbsp;&nbsp;LIMO | くらしとお金の経済メディア,2026-06-08 16:08
日本電波工業,日本電波工業、人工水晶技術・フォトリソ加工で成長 - 化学工業日報 電子版,https://news.google.com/rss/articles/CBMiU0FVX3lxTE1MSnN1RmQ2eGlrOEhjUmhJYWJRUTk4WXpVYmVNRnRxSWM0UnpaNnd6aVhDTEU2bFFKUnBPSjBCNTVJX2JlYlhJd3U0cXpGWkY3X09r?oc=5,化学工業日報 電子版,2026-05-31 20:00,日本電波工業、人工水晶技術・フォトリソ加工で成長&nbsp;&nbsp;化学工業日報 電子版,2026-06-08 16:08
日本電波工業,【電子部品総合特集】日本電波工業・加藤啓美社長 成長領域へ経営資源を投入 新企業理念「波動で未来を科学する」策定 - 電波新聞デジタル,https://news.google.com/rss/articles/CBMiUkFVX3lxTE9sdFdCelVpSVhXQ0xtUGI4QUVvZlJia3ptR1pEVE8xbDcyUDlXdGNFU3dzWENjZUh1d2lWNHNLQzYtT3lBYVU3N1VERWJJdUpUbGc?oc=5,電波新聞デジタル,2026-01-12 08:00,【電子部品総合特集】日本電波工業・加藤啓美社長 成長領域へ経営資源を投入 新企業理念「波動で未来を科学する」策定&nbsp;&nbsp;電波新聞デジタル,2026-06-08 16:08
日本電波工業,前日に動いた銘柄 part1ソフトバンクグループ、日本電波工業、テラスカイなど 執筆： Fisco - Investing.com - FX | 株式市場 | ファイナンス | 金融ニュース,https://news.google.com/rss/articles/CBMicEFVX3lxTE40X2RUaVI0ODBNMXRIaGdLZkZXaW5rNWhQVjZndHkya2pkY0RTbEdnQUYyMmZJTDZHRVpodVhiUFJxeHFIUExGTmpOVXVtZFJUanZRZlJKMjJaT2ZmdElDbnlOUWFKV0VjTFFSNmxmNHM?oc=5,Investing.com - FX | 株式市場 | ファイナンス | 金融ニュース,2026-06-01 22:15,前日に動いた銘柄 part1ソフトバンクグループ、日本電波工業、テラスカイなど 執筆： Fisco&nbsp;&nbsp;Investing.com - FX | 株式市場 | ファイナンス | 金融ニュース,2026-06-08 16:08
日本電波工業,日本電波工業（6779）の株式を3か月間保有した投資家の株価リターンは？高値・安値も確認する【2026年6月4日】（LIMO） - Yahoo!ニュース,https://news.google.com/rss/articles/CBMif0FVX3lxTE1FS0x3VWN4Q3RaNjRSNXZmdWhHMjZ4RUpSZTVjZmREZjFXQUJlTUt1NXpRZjVTUTFxRmtqZHNkaTctTXhtMFhQTWtKb0lHLWFLMFpnTnUzWmZ4Nl93ek9melpsVjEyX1dfZUZJS0NxazdhSlNpcDA1QkpBbXZseEU?oc=5,Yahoo!ニュース,2026-06-05 01:31,日本電波工業（6779）の株式を3か月間保有した投資家の株価リターンは？高値・安値も確認する【2026年6月4日】（LIMO）&nbsp;&nbsp;Yahoo!ニュース,2026-06-08 16:08
日本電波工業,日電波が急騰演じ青空圏突入が視野に、ＡＩデータセンター向け水晶デバイスに特需 - みんかぶ,https://news.google.com/rss/articles/CBMiRkFVX3lxTE5jeFhZaERicElfQ0I3emIwMUtDMUMweERYcmlKN2pFY0MtRmdlVTZ3QzdZZ0tlTl9ZMElOVUI3TVVWaFBobUE?oc=5,みんかぶ,2026-04-20 07:00,日電波が急騰演じ青空圏突入が視野に、ＡＩデータセンター向け水晶デバイスに特需&nbsp;&nbsp;みんかぶ,2026-06-08 16:08
日本電波工業,日本電波工業（株） 取締役 常務執行役員 管理本部長 竹内謙氏 - 産業タイムズ社,https://news.google.com/rss/articles/CBMiXkFVX3lxTE1zM3ltaFdTaWRYeEtOTThnS1BMMkNNdm9PZGRJWmk3LTVvamFIbXQwRlVmZXV1Y1dHR1dpY2xLNkMwcVM2RmtPVE9xSmFTSDZNX2JNMnM4S1BiRDNLRnc?oc=5,産業タイムズ社,2025-08-22 07:00,日本電波工業（株） 取締役 常務執行役員 管理本部長 竹内謙氏&nbsp;&nbsp;産業タイムズ社,2026-06-08 16:08
日本電波工業,日本電波工業【6779】、前期最終が一転増益で上振れ着地・今期は11％増益へ | 決算速報 - 株探ニュース - 株探(かぶたん),https://news.google.com/rss/articles/CBMiUkFVX3lxTE9mQlNUbjlBb2hsWUZoY29heDl1UnNwSGQ3ZXIwVVJGNFlmVVM4ZU1NZExCLU1SZzMxQTU4UFhJU0VGUm5UUnlmUjJWNGxlUjBJZXc?oc=5,株探(かぶたん),2026-05-14 07:00,日本電波工業【6779】、前期最終が一転増益で上振れ着地・今期は11％増益へ | 決算速報 - 株探ニュース&nbsp;&nbsp;株探(かぶたん),2026-06-08 16:08
日本電波工業,日本電波工業（6779）の株式を3か月間保有した投資家の株価リターンは？【2026年6月4日】 | LIMO | くらしとお金の経済メディア - LIMO | くらしとお金の経済メディア,https://news.google.com/rss/articles/CBMiVkFVX3lxTE5EcWg0d3EyVUZQSnFhYVIxaV93SWtzYTZHVWlLU0lGR3RqaEVidU5RRXg4NXdUdzV2YWxJUjd5OGllWlVDZGluUE5SSmRLN0dLdWp5dWln?oc=5,LIMO | くらしとお金の経済メディア,2026-06-05 01:26,日本電波工業（6779）の株式を3か月間保有した投資家の株価リターンは？【2026年6月4日】 | LIMO | くらしとお金の経済メディア&nbsp;&nbsp;LIMO | くらしとお金の経済メディア,2026-06-08 16:08
日本電波工業,日本電波工業(株)【6779】：決算情報 - Yahoo!ファイナンス,https://news.google.com/rss/articles/CBMiYEFVX3lxTE9McVhEQ3JmcGk5dHhWTGw5bEFmcE5JNXRXOE5IRl9FWWpWY1d1QktpOXVuMUV0YzhIMmJ0X1JkNGp5Z2F0bDVGa1RVNGJRZ3kyd1hlOUlJZzhlU2VOWkpBbg?oc=5,Yahoo!ファイナンス,2026-05-14 07:00,日本電波工業(株)【6779】：決算情報&nbsp;&nbsp;Yahoo!ファイナンス,2026-06-08 16:08
日本電波工業,日本電波工業（6779）の株式を3か月間保有した投資家の株価リターンは？【2026年6月1日】 - LIMO | くらしとお金の経済メディア,https://news.google.com/rss/articles/CBMiUkFVX3lxTE05V1hGYVZOQUYtS0JUZjZtemFGV1pqeW9aempMYmRRdkZKVFNTTzZ2S2J3Z3NlU1RrNFlzcl9SZ3c2Mm5aQ1NuZEc3aVBxM184cXc?oc=5,LIMO | くらしとお金の経済メディア,2026-06-02 01:26,日本電波工業（6779）の株式を3か月間保有した投資家の株価リターンは？【2026年6月1日】&nbsp;&nbsp;LIMO | くらしとお金の経済メディア,2026-06-08 16:08
日本電波工業,日本電波工業(株)【6779】：掲示板 - Yahoo!ファイナンス,https://news.google.com/rss/articles/CBMiWkFVX3lxTFBtcHpTRW51MmFhWEFkczNZbUlXaFJwLTdyRHRhWmJWV1hWaS0wMWxHd0xOeUJGZk5jQ0FScHZzX3VnX0xmZVhXN3hZTFB3bktSUk9OUC0zX2daZw?oc=5,Yahoo!ファイナンス,2025-10-07 09:11,日本電波工業(株)【6779】：掲示板&nbsp;&nbsp;Yahoo!ファイナンス,2026-06-08 16:08
日本電波工業,日本電波工業（6779）の株式を3か月間保有した投資家の株価リターンは？高値・安値も確認する【2026年6月4日】 (LIMO) - Yahoo!ニュース,https://news.google.com/rss/articles/CBMijgFBVV95cUxPRDFDMXVCQUFqM0d3TVN6NFJnYzF2US1VNVFhVVdtUjRjR1BOQk1KbGszemFEcEdPUFhSYmxvMGhzUEF0LWRyN1JVR2VwSThOQ2xpUjVyT0t4bWNCeXhZWHRqWmdiZEMzZFZHSHNSZUt5SFlpMkEtc2tfajNXckprd2tPVm5SSENoSk5YMkRB?oc=5,Yahoo!ニュース,2026-06-05 01:31,日本電波工業（6779）の株式を3か月間保有した投資家の株価リターンは？高値・安値も確認する【2026年6月4日】 (LIMO)&nbsp;&nbsp;Yahoo!ニュース,2026-06-08 16:08
日本電波工業,日本電波工業（6779）の株式を3か月間保有した投資家の株価リターンは？高値・安値も確認する【2026年6月1日】 (LIMO) - Yahoo!ニュース,https://news.google.com/rss/articles/CBMijgFBVV95cUxNUExUZ0N4NlRJN19kTWR6VkQ0V3lnSERKang5MFVCNEl3WDM2UmhBNVVtSV9JZEZqSldDQTBIUzRWa1VBV2tTbDBtckY3MTdheWxKd2pCR2ZZRFJNSUJpYmZsMm56d0VZNEJCc2JsdlpQamFOR210aHNxcktiT3Q1U0ZxZF91VlFDUHpCSXN3?oc=5,Yahoo!ニュース,2026-06-02 01:31,日本電波工業（6779）の株式を3か月間保有した投資家の株価リターンは？高値・安値も確認する【2026年6月1日】 (LIMO)&nbsp;&nbsp;Yahoo!ニュース,2026-06-08 16:08
日本電波工業,日本電波工業（6779）の株式を3か月間保有した投資家の株価リターンは？高値・安値も確認する【2026年5月28日】（LIMO） - Yahoo!ニュース,https://news.google.com/rss/articles/CBMif0FVX3lxTE1aMUdRcFp5c3NzWVVyU19PaTB0LUdJbUx6OHJfbXoya21CUTZNbGp3dTZta1lwdTdjWWxUM2YzY0JKMFZtQld0NVVFZUsxT05zY1ZVb3JtWlFHWmQ4Q0x2MVVYVXh5NnRDWmlsR1NtMDk0SzljRW5qbUxDUTlqc28?oc=5,Yahoo!ニュース,2026-05-28 07:00,日本電波工業（6779）の株式を3か月間保有した投資家の株価リターンは？高値・安値も確認する【2026年5月28日】（LIMO）&nbsp;&nbsp;Yahoo!ニュース,2026-06-08 16:08
日本電波工業,日本電波工業（6779）の株式を3か月間保有した投資家の株価リターンは？高値・安値も確認する【2026年6月1日】（LIMO） - Yahoo!ニュース,https://news.google.com/rss/articles/CBMif0FVX3lxTE1QbngybDREZnFBTk1wcTkzRnBmTVFNazc2VmZyX1dFRmVybHJRb0s1WTJVWVRiT0U1eXRGdWdJa3ZYY3R6VW5vZ1NMUE9sdHlicmNfVGVteUh5NXZnQjdUNW5HTEMydjhPd3o0LTJ6aGl3NVlHaTNGTDFGdXk0ZkE?oc=5,Yahoo!ニュース,2026-06-02 01:31,日本電波工業（6779）の株式を3か月間保有した投資家の株価リターンは？高値・安値も確認する【2026年6月1日】（LIMO）&nbsp;&nbsp;Yahoo!ニュース,2026-06-08 16:08
日本電波工業,動いた株・出来た株（前場）part1：太陽誘電、日本電波工業など16社(フィスコ) - Yahoo!ファイナンス,https://news.google.com/rss/articles/CBMihwFBVV95cUxOeUFJQU9aUURuUlhDNjhMRW1VRHg2SGFqNjNLSDlmYlRIR0tjdnlrMzQyS1kwNVZzbEQ3Q0ZhY1BLbVM3aDFhbFRXWFBzaHdKdTVOdnpUQ3A4Y3BQS0xEYlVvd05ZM0NoZ25lVUpSUlZNWUxkRmdybUc5c25GY2JfR3ZJZl9aRDA?oc=5,Yahoo!ファイナンス,2026-05-28 07:00,動いた株・出来た株（前場）part1：太陽誘電、日本電波工業など16社(フィスコ)&nbsp;&nbsp;Yahoo!ファイナンス,2026-06-08 16:08
日本電波工業,話題株ピックアップ【夕刊】（1）：日電波、ワコールＨＤ、ニデック | 注目株 - 株探ニュース - 株探(かぶたん),https://news.google.com/rss/articles/CBMiYEFVX3lxTE5YelI3NEN0TzFySncxRFVyWGhCZ3NqQ1lHRGlqTkRPeURiVVp4dFdFWUtPX3dOemR3M05HNXRHR1pxMDFHOHdDTnlwUktZVEhOTEdySk01UU5zZm9nNjg1Rg?oc=5,株探(かぶたん),2026-04-20 07:00,話題株ピックアップ【夕刊】（1）：日電波、ワコールＨＤ、ニデック | 注目株 - 株探ニュース&nbsp;&nbsp;株探(かぶたん),2026-06-08 16:08
日本電波工業,動いた株・出来た株（前場）part1：堺化学、日本電波工業など15社(フィスコ) - Yahoo!ファイナンス,https://news.google.com/rss/articles/CBMihwFBVV95cUxOVkgzWklQNnE3WWZhV1JYLXhhU1g1M3RZbmloRkNUSFZEWHgwa1BxMUpmREU0cTYybGRJMnd3YllpQ1FhdjFnS2tLWEQycTVsbEFNdTdIamtuQkZjWDdUWHZpUjBVa1ZMY3NpejJ3VGN0VmJPRGxLTkhZejJMWFk2NUc5cHFCdEk?oc=5,Yahoo!ファイナンス,2026-06-01 05:29,動いた株・出来た株（前場）part1：堺化学、日本電波工業など15社(フィスコ)&nbsp;&nbsp;Yahoo!ファイナンス,2026-06-08 16:08
日本電波工業,「波動で未来を科学する」日本電波工業に、サステナビリティ情報開示支援クラウド「SmartESG」を提供 - PR TIMES,https://news.google.com/rss/articles/CBMiakFVX3lxTE90aXR6Z21mWTE0VFByR2JBWHBVTDRTM0FNR3FwUVU0TWpPU0dicGJpNTJqU1k3TlpiZlBQVkhPb0VDR3JMMGZCY1NrMHBSZFlFSFoxcldhWWd4eHg2MXc3OUExRFp0bDNTMHc?oc=5,PR TIMES,2025-10-01 07:00,「波動で未来を科学する」日本電波工業に、サステナビリティ情報開示支援クラウド「SmartESG」を提供&nbsp;&nbsp;PR TIMES,2026-06-08 16:08
日本電波工業,【材料】 日電波がストップ高人気、ＡＩＤＣ向け光トランシーバー用水晶で世界首位の実力発揮へ - 株探(かぶたん),https://news.google.com/rss/articles/CBMiYEFVX3lxTFBVLWV4T1g3dTdRdE1KT01vTkg3aXhid2hwQW5tQVJ4UVBOaVN3RWdyN0pnWHlYYlA2Rm9SdDE0eW44a28tRXV3MWd5a3hvYmItZDFMQko5U1k2VWVtU0s0Xw?oc=5,株探(かぶたん),2026-02-16 08:00,【材料】 日電波がストップ高人気、ＡＩＤＣ向け光トランシーバー用水晶で世界首位の実力発揮へ&nbsp;&nbsp;株探(かぶたん),2026-06-08 16:08
日本電波工業,【決算速報】日本電波工業、税引前13.6%減益。アナリスト予想を下回る(アイフィス株予報) - Yahoo!ファイナンス,https://news.google.com/rss/articles/CBMihwFBVV95cUxPcDlzMkZIV1JiMmk2akYzYUx6ckRGUnJsY2NXWXVrazY5NW41amJGV005a3l4bnRyb0loRFFrcEFWMFpsNDFHemRMTlhxQUJ3ME5selZHV213amhiMFIxa2ZPUUV3OFo2WTdCcV9ucHB2QW9obkZkSVc0U0ktQjNXNEUtMXZ3RE0?oc=5,Yahoo!ファイナンス,2026-05-14 07:00,【決算速報】日本電波工業、税引前13.6%減益。アナリスト予想を下回る(アイフィス株予報)&nbsp;&nbsp;Yahoo!ファイナンス,2026-06-08 16:08
日本電波工業,AIデータセンター向け差動出力水晶発振器、日本電波工業：位相ジッタ18フェムト秒 - EDN Japan,https://news.google.com/rss/articles/CBMia0FVX3lxTE5JZ0t4TDB3QVVfZDdLXzdsZ3RtclV3aEluVDhoei10a0dSajlXeU1iWDhKVHlITm5EY2NNQ0JCZzBYOXhtS19mV1hkc3B5eV8tTXZaQzNBYUZZX3pqdjlZcGdvbHdwN0dsZHQ4?oc=5,EDN Japan,2026-03-17 07:00,AIデータセンター向け差動出力水晶発振器、日本電波工業：位相ジッタ18フェムト秒&nbsp;&nbsp;EDN Japan,2026-06-08 16:08
日本電波工業,日本電波工業、AIデータセンター向け差動出力水晶発振器625MHz対応品を開発 世界最高レベルの高精度・低位相ジッター・小型化を実現 - 電波新聞デジタル,https://news.google.com/rss/articles/CBMiUkFVX3lxTE5fSXJqZC1tWmVDNzNyalplbmQtOHFZa2dEUThtUW9HTVV2SDJwZmxHUUtORFlBb3NhTmNVMmdpdUczaDlJYWVnaFdlTXlxcVVFa0E?oc=5,電波新聞デジタル,2026-03-02 20:02,日本電波工業、AIデータセンター向け差動出力水晶発振器625MHz対応品を開発 世界最高レベルの高精度・低位相ジッター・小型化を実現&nbsp;&nbsp;電波新聞デジタル,2026-06-08 16:08
日本電波工業,「世界最小」Stratum 3準拠の高安定TCXO AIサーバ向け：125℃環境下で ±280ppb - EE Times Japan,https://news.google.com/rss/articles/CBMib0FVX3lxTE9KVUxNZnJjeVlIdzZ0WTc0VVRXLVpyV1JaZmxTdk5sbVFDX0hSaEZXRDc5dEY5cDE1RDd1MTBKOUc1YVdabThOclRNTVVoVmxqZEZMY1o5dXNQWmRrU0xtR3VURjdZRlJwdHVIdjlkUQ?oc=5,EE Times Japan,2026-02-24 08:00,「世界最小」Stratum 3準拠の高安定TCXO AIサーバ向け：125℃環境下で ±280ppb&nbsp;&nbsp;EE Times Japan,2026-06-08 16:08
日本電波工業,【材料】 日電波が急騰演じ青空圏突入が視野に、ＡＩデータセンター向け水晶デバイスに特需 - 株探(かぶたん),https://news.google.com/rss/articles/CBMiYEFVX3lxTFBDUDhoX0dmT2JoZFVIYnFIVUk5Q1NKUVR3dmFKX29TMDA5YVJrRTRiQ1A2aWlnb2ZQbmFFbzFxX1R0bW5LN0VqMGtqMUdvZmtXMS0tdW82alR4U0IyS1F4WQ?oc=5,株探(かぶたん),2026-04-20 07:00,【材料】 日電波が急騰演じ青空圏突入が視野に、ＡＩデータセンター向け水晶デバイスに特需&nbsp;&nbsp;株探(かぶたん),2026-06-08 16:08
日本電波工業,日本電波工業(株)【6779】：アナリストレポート - Yahoo!ファイナンス,https://news.google.com/rss/articles/CBMicEFVX3lxTE9YQWppcUpTSmVlOEw4SzBOeE1oQV9pTDBRRk9aWjJzXzFwdDRma2dXY0VSTl91THJXSXNOd013c1poLWF4VG1TbHhEOVJ2c19nUkJ1M1dWR3FmTG1iNEI4Y2FwS3FBVFp2d3BMc2RGaGM?oc=5,Yahoo!ファイナンス,2026-02-13 04:56,日本電波工業(株)【6779】：アナリストレポート&nbsp;&nbsp;Yahoo!ファイナンス,2026-06-08 16:08
日本電波工業,タイミングデバイス業界で地殻変動 | 電子デバイス産業新聞（旧半導体産業新聞） - 産業タイムズ社,https://news.google.com/rss/articles/CBMiXkFVX3lxTE9tYm1LSm5mVVg0QlBTNGFxSlJSQXkwUDF1OTFYMW9aU1pycjFhcV9xZFlCaEVQNlZSaXdRVzFUYW1zUmdQWHVGTDB1WHhtMTEzNFQ5N3hVdHRUVHpCV1E?oc=5,産業タイムズ社,2026-01-23 08:00,タイミングデバイス業界で地殻変動 | 電子デバイス産業新聞（旧半導体産業新聞）&nbsp;&nbsp;産業タイムズ社,2026-06-08 16:08
日本電波工業,動いた株・出来た株（前場）part2：日本電波工業、セイコーエプソンなど13社(フィスコ) - Yahoo!ファイナンス,https://news.google.com/rss/articles/CBMihwFBVV95cUxQakhmQ1JTWU1WSHdOOHctSEpxSHdISS1pTUFoTmZoeEdjbEFLMjJoVUZNRGh5eVNpOEV4SjBHNVBxbExiMjVCZmtGSVVjVjhyYldIOEpYWlNPUVZTX0JuUlNGSzBRZVAtdEN0dHJJeE91ZE9yZWZlanZ3NWpBRm5DZVVqbGV2Zmc?oc=5,Yahoo!ファイナンス,2026-05-07 07:00,動いた株・出来た株（前場）part2：日本電波工業、セイコーエプソンなど13社(フィスコ)&nbsp;&nbsp;Yahoo!ファイナンス,2026-06-08 16:08
日本電波工業,日本電波工業、世界初1.6×1.2mm、Stratum3準拠のTCXO開発 5G基地局やAIサーバーの信頼性向上 - 電波新聞デジタル,https://news.google.com/rss/articles/CBMiUkFVX3lxTE9VN2VZVFVwaWJ1T00wVTZmcFlmMzRaQ2VVSUFERXZWNVdWVC1BYkJuU0gxZ1k1VTgtSzhCUlpxLXNKMFAxSU1xYzBWdHVLdU9FY0E?oc=5,電波新聞デジタル,2026-02-18 20:02,日本電波工業、世界初1.6×1.2mm、Stratum3準拠のTCXO開発 5G基地局やAIサーバーの信頼性向上&nbsp;&nbsp;電波新聞デジタル,2026-06-08 16:08
日本電波工業,日電波がストップ高人気、ＡＩＤＣ向け光トランシーバー用水晶で世界首位の実力発揮へ - みんかぶ,https://news.google.com/rss/articles/CBMiRkFVX3lxTE4wUGs5eFJUTGd5djRXOXJwNEFOTHhrdnRYQy1uWkJaLWpoR0hjMHozTGNFT3FiVHA2QWMzRVJaNndKSUtCT3c?oc=5,みんかぶ,2026-02-16 08:00,日電波がストップ高人気、ＡＩＤＣ向け光トランシーバー用水晶で世界首位の実力発揮へ&nbsp;&nbsp;みんかぶ,2026-06-08 16:08
日本電波工業,日本電波工業（6779）の株式を3か月間保有した投資家の株価リターンは？高値・安値も確認する【2026年5月28日】 (LIMO) - Yahoo!ニュース,https://news.google.com/rss/articles/CBMijgFBVV95cUxNRlk5UHduZms3NGVBdXBKY1VIVU5ielloNHJoR2FFb2RCazMxQkcyRVNQM1dKeW1EWUJJQm5lQ2pIeFp0c3FJYW83SHBncTAzeUlqYlJ2U3pRdWFpd0RXb0hxdU1EQWV6UU1KOGxSQ0hmcU9PZ0F5TUNrRUl1emdFQTY2YTRUa2dabDlYOUVB?oc=5,Yahoo!ニュース,2026-05-28 10:55,日本電波工業（6779）の株式を3か月間保有した投資家の株価リターンは？高値・安値も確認する【2026年5月28日】 (LIMO)&nbsp;&nbsp;Yahoo!ニュース,2026-06-08 16:08
日本電波工業,前日に動いた銘柄 part1ソフトバンクグループ、日本電波工業、テラスカイなど - ｄメニューニュース,https://news.google.com/rss/articles/CBMihwFBVV95cUxQSkliZ3J1YjEwekg2N3EyMEhvYUh5cldWLTVtS0R2ZzBEaTJud2JuaE1fWTRaQVBwNnlPdHJUM1J6MVIzZVpqa05ydldRR2Nhci0zcmdlVkJuQWpJOE1sdGJUUHowR2lSTTNNYjhfMi1idkhBZUxxbGg2blVqVTBpQ2dHMVVVYnPSAYwBQVVfeXFMTWpCMTNLb0Q3RVEzcGhnMFpmbklGT3UyQnpoalBVQ2ZkVm5wa2RvWnhGdG5rVHVpcjh5ZWYyTGhRQXJNRno4WjlnemVRUTNFLTh1R0wyYWdyc0VrNTlpaWxETmRtS0NTYWEyZlNlclZsLXpPN2hDQzhQaVE4QjJxcUhNelJjTElsU0Y3dmM?oc=5,ｄメニューニュース,2026-06-01 22:15,前日に動いた銘柄 part1ソフトバンクグループ、日本電波工業、テラスカイなど&nbsp;&nbsp;ｄメニューニュース,2026-06-08 16:08
日本電波工業,日本電波工業（6779）の株式を3か月間保有した投資家の株価リターンは？【2026年5月28日】 - LIMO | くらしとお金の経済メディア,https://news.google.com/rss/articles/CBMiVkFVX3lxTE1ZaXdTYVRmcGhsR0c2TU5NaHg4ODVPOWFtbnlMRmR4U2ZRSzIzdnozbGVSVnJobUJNaHRZZ2ZGRmxFdlh2U1VrVC1PS0FDd1h2eG5lcGtR?oc=5,LIMO | くらしとお金の経済メディア,2026-05-28 10:52,日本電波工業（6779）の株式を3か月間保有した投資家の株価リターンは？【2026年5月28日】&nbsp;&nbsp;LIMO | くらしとお金の経済メディア,2026-06-08 16:08
日本電波工業,【電子部品技術総合特集】日本電波工業 上木健一取締役常務執行役員技術本部長 - 電波新聞デジタル,https://news.google.com/rss/articles/CBMiUkFVX3lxTE51TGlDWTVsanBWNURsSFhUWnM4eURCck4zRGczX3ZTUnd3R2lUOVJRM1h1MV9HeTV0LS1kOGRYNnloY2lKM0loc0U2TTdCNGJRaHc?oc=5,電波新聞デジタル,2025-07-11 07:00,【電子部品技術総合特集】日本電波工業 上木健一取締役常務執行役員技術本部長&nbsp;&nbsp;電波新聞デジタル,2026-06-08 16:08
日本電波工業,アセットマネジメントOne株式会社が日本電波工業(株)＜6779＞株式の変更報告書を提出（保有減少） - ｄメニューニュース,https://news.google.com/rss/articles/CBMihAFBVV95cUxNRno2VmxJMEoybV9BR1hyZlhENnQzR2VFSEZWdnVuX1FZbUJQY3hicVY4Z0xpU3UydkoyTmUyOG9RMko5YVlaMFd2UThYU0I0Vk5YQkwxYk1mOG9Ga3lIUFBzY3pfQVFmeXhWMXpUb25xN1g2clM4QXJsc2pZNU9sVkhzcDbSAYoBQVVfeXFMTVRjU05FWDFfWWZQdXp2YTh4RmNnbnNIcndzYkFRTUpsSWRzZEpKaF85X3NXZEJELVlSUGpLRU9Wa25CSlFYUjN3QklfZS1UYjJJTVpaV0NUenJZcThmYnRRWUFJVmdnZW5aVXZwU3ExTmhYbXJJam52TGVXNzh0elBRSTloZnhGN3hn?oc=5,ｄメニューニュース,2026-05-12 07:00,アセットマネジメントOne株式会社が日本電波工業(株)＜6779＞株式の変更報告書を提出（保有減少）&nbsp;&nbsp;ｄメニューニュース,2026-06-08 16:08
日本電波工業,1612サイズで±40ppmの周波数安定度を達成した車載狭偏差対応の水晶振動子：組み込み開発ニュース - MONOist,https://news.google.com/rss/articles/CBMib0FVX3lxTE1NNDZTbDJQSUFxT0tPQUctb3YwbmVfZm9QV0xWR3RVSlVCNHZCVjBuNHpNYTh5aTN4c0lfcGxZNGVhOUo1MnpsZlh5Ny1zX1pCRXlmSVYzeC1IM0xzZnV3VmpxUzkzTnRnMjhiZFZ4bw?oc=5,MONOist,2025-10-16 07:00,1612サイズで±40ppmの周波数安定度を達成した車載狭偏差対応の水晶振動子：組み込み開発ニュース&nbsp;&nbsp;MONOist,2026-06-08 16:08
日本電波工業,日本電波工業 世界初の小型水晶振動子開発 －40℃から125℃で動作 - 電波新聞デジタル,https://news.google.com/rss/articles/CBMiUkFVX3lxTE1GMF9ldVpqR1JReUUxZ0ttOW5JOEM4TEZXREROSmdydUR3dFJiNGZ2Rkt3aWFjcXhvY0pEUk9xN2h5MWdWNmVlclBLTlRRREp4MlE?oc=5,電波新聞デジタル,2025-10-07 07:00,日本電波工業 世界初の小型水晶振動子開発 －40℃から125℃で動作&nbsp;&nbsp;電波新聞デジタル,2026-06-08 16:08
日本電波工業,日本電波工業「短期買われすぎ局面、訂正安が迫る」＝ＲＳＩで読む(ウエルスアドバイザー) - Yahoo!ファイナンス,https://news.google.com/rss/articles/CBMihwFBVV95cUxNbjBRTWVSaXF1bnM4c0w3anZxSzlfNHJLQVBwVW5icFpBWk1KQ1l4MnVSZUNGd0RIQlhNMlk5dkNIaUJzdG5QSlJvRFRGZ2QwamlLWGtGUFdhQVBwWlktOExoOVh6a3lSdUh6MTAtM1VXQzFoTGx0d0NKQ25EbDM1ekc5UjZBRXM?oc=5,Yahoo!ファイナンス,2026-04-22 07:00,日本電波工業「短期買われすぎ局面、訂正安が迫る」＝ＲＳＩで読む(ウエルスアドバイザー)&nbsp;&nbsp;Yahoo!ファイナンス,2026-06-08 16:08
日本電波工業,日本電波工---ストップ高、先週末に決算説明会を開催のもよう 執筆： Fisco - Investing.com - FX | 株式市場 | ファイナンス | 金融ニュース,https://news.google.com/rss/articles/CBMicEFVX3lxTE9WV1BtZkt5Zk1mUFBxQ2gxc21mMkdyQ3EyXzlac3JDVzFtYWxCWC00eU1ITXE5a1kySkpZTmZNYlFkZUtoR0tZNlJ4RFFVUjhuNUlPcGM2b2lLVzYyaHVrbENpVjBMb3hnejl5WGVQeVo?oc=5,Investing.com - FX | 株式市場 | ファイナンス | 金融ニュース,2026-05-25 07:00,日本電波工---ストップ高、先週末に決算説明会を開催のもよう 執筆： Fisco&nbsp;&nbsp;Investing.com - FX | 株式市場 | ファイナンス | 金融ニュース,2026-06-08 16:08
日本電波工業,日本電波工業(株)【6779】：株価・株式情報 - Yahoo!ファイナンス,https://news.google.com/rss/articles/CBMiUkFVX3lxTE5HVXFhazBLWEFIMWlJM1RtOHR5d25xeXVMbV9pcVFMQTFqUnNaVnJnMHBKVHR2Tm1yOTBBSVBkNXBwUzR6QmZ1aEVpdTEwMk5lRFE?oc=5,Yahoo!ファイナンス,2021-03-22 10:06,日本電波工業(株)【6779】：株価・株式情報&nbsp;&nbsp;Yahoo!ファイナンス,2026-06-08 16:08
日本電波工業,【部品メーカートップインタビュー 26年の展望と経営戦略】日本電波工業・加藤啓美社長 - 電波新聞デジタル,https://news.google.com/rss/articles/CBMiUkFVX3lxTE9HTno3U3hKUG5yS0xIRnBkZ2hSU0YwVzhKSnFxc09qTHl4ZzRiWXUyN0cxbEUxeGVnVzVuWjRDWTVOem5DeFF0ZFdGQ09tUE1TOFE?oc=5,電波新聞デジタル,2026-02-03 23:01,【部品メーカートップインタビュー 26年の展望と経営戦略】日本電波工業・加藤啓美社長&nbsp;&nbsp;電波新聞デジタル,2026-06-08 16:08
日本電波工業,世界最高水準の高安定TCXO 日本電波工業が開発 周波数安定、高温対応、低消費電力 - 電波新聞デジタル,https://news.google.com/rss/articles/CBMiUkFVX3lxTE5qaGlFcjFJY1RqLUhGZnB1amhqT2d0VkxDZ3BwTDRiMTliS0xVUVk0TXJMcDJFSDV3SjZrekUwQmxpRlVOendjMTM3VlFJUzNiaXc?oc=5,電波新聞デジタル,2025-07-02 20:07,世界最高水準の高安定TCXO 日本電波工業が開発 周波数安定、高温対応、低消費電力&nbsp;&nbsp;電波新聞デジタル,2026-06-08 16:08
日本電波工業,１０時の注目株＝ＡＩ、防衛、半導体と切り口豊富――日電波 速報 - kabushiki.jp,https://news.google.com/rss/articles/CBMiR0FVX3lxTE0xU1FtR2NHNmUtVHI4cEhmdDJ5T1VpYWt2WlpKUW1saVdPVlJDbVdLZ2lOeFAxajdsYTFOekMwVS1GR3M2YVR3?oc=5,kabushiki.jp,2026-03-06 08:00,１０時の注目株＝ＡＩ、防衛、半導体と切り口豊富――日電波 速報&nbsp;&nbsp;kabushiki.jp,2026-06-08 16:08
日本電波工業,【材料】 日電波は新値追い、前期営業益は上振れ着地で今期予想は１９％増 - 株探(かぶたん),https://news.google.com/rss/articles/CBMiYEFVX3lxTE5hUWpkYWFwLXEtdnFzRkhyS1pNN3hTU2dzS0RhMXFIbjNkRm13cmd6T2xRemR3UjRqNUJqdVV1c3Y4Umo2UDJiSXp0SHVoUzFMSU9rc2M2WmhKWUlvbFB5Yw?oc=5,株探(かぶたん),2026-05-15 07:00,【材料】 日電波は新値追い、前期営業益は上振れ着地で今期予想は１９％増&nbsp;&nbsp;株探(かぶたん),2026-06-08 16:08
日本電波工業,日本電波工業【6779】 一株あたり配当金の推移 - ストレイナー,https://news.google.com/rss/articles/CBMic0FVX3lxTE1nOVUyMnRILUwtVXBzZ2t2aGRjNkVhWWtYQkRfMTU0Y21jZklhTXdtd3BJemhuM0QxeGFfZnc5OTc2dXVGUFl6VUtScC1weUR0alNxanpGdDUzVXJ5YU5BOWF3YnVyTVYxUEtfbjJUZnEzYXM?oc=5,ストレイナー,2025-10-11 12:48,日本電波工業【6779】 一株あたり配当金の推移&nbsp;&nbsp;ストレイナー,2026-06-08 16:08
日本電波工業,＜動意株・１６日＞（前引け）＝ビーマップ、高度紙、日電波 - みんかぶ,https://news.google.com/rss/articles/CBMiRkFVX3lxTFBsREVZRjJ2RmFzeFJTdTFsVVlwQWo1VFVTQVhsSHRNaWZmTjNhMUcwY0p1N1VGcU1qc3N3NjJxZDhLekU4RFE?oc=5,みんかぶ,2026-02-16 08:00,＜動意株・１６日＞（前引け）＝ビーマップ、高度紙、日電波&nbsp;&nbsp;みんかぶ,2026-06-08 16:08
日本電波工業,"東証プライム市場の値上がり率1位は「データセンター関連」の注目株…1,900円台半ばを上抜ければ“青天井”か【昨日動いた個別株】 - ゴールドオンライン",https://news.google.com/rss/articles/CBMiUkFVX3lxTE96YzMtdFVUWGhWbUpHaWxQcHBhTEJETDJXZ1JpTVROQmpYYTB4d21nT1VsSHY4bjhxcW1EWkc0NktDWHlLa2h1WkhBcHcxVXk0d1E?oc=5,ゴールドオンライン,2026-04-21 07:00,"東証プライム市場の値上がり率1位は「データセンター関連」の注目株…1,900円台半ばを上抜ければ“青天井”か【昨日動いた個別株】&nbsp;&nbsp;ゴールドオンライン",2026-06-08 16:08
日本電波工業,【4/20速報】光通信セクター全面高｜NDK+19%、G-QDレーザ+23%急騰｜ バリュエーション総点検｜G-QDレーザ、SANTEC、精工技研他【2026/4/20】 (4kyvIBzQpK) - Fathom Journal,https://news.google.com/rss/articles/CBMidkFVX3lxTFBMdXJJcl9Uc0ZKdUJVWEFEUlNRci02VzBHLXpUalVPTE9COS1rWmV5UUVjSk8yUmdTWnJKWGZiOE1acFRpUTBRRnBnaThSZF96N094Sks3OUZobTNYZjlGanJqZk1admE2amhwUFFrQmxvSnlVZGc?oc=5,Fathom Journal,2026-06-05 13:17,【4/20速報】光通信セクター全面高｜NDK+19%、G-QDレーザ+23%急騰｜ バリュエーション総点検｜G-QDレーザ、SANTEC、精工技研他【2026/4/20】 (4kyvIBzQpK)&nbsp;&nbsp;Fathom Journal,2026-06-08 16:08
日本電波工業,日電波がストップ高人気、ＡＩＤＣ向け光トランシーバー用水晶で世界首位の実力発揮へ (2026年2月16日掲載) - ライブドアニュース,https://news.google.com/rss/articles/CBMiXkFVX3lxTFBCVmg0dno5VWduV0tnMDhiWkpDWmp2Y0RDUFJrZEZfdjlpQ2FZOGhYekhudzZGYmpFdTI4Z3dVVmQ5Vkc0VXJLNTY0NGxMNVM0XzUwa3lIVEdkSld4UGc?oc=5,ライブドアニュース,2026-02-16 08:00,日電波がストップ高人気、ＡＩＤＣ向け光トランシーバー用水晶で世界首位の実力発揮へ (2026年2月16日掲載)&nbsp;&nbsp;ライブドアニュース,2026-06-08 16:08
日本電波工業,日本電波工業が、SAP のクラウドオファリング「RISE with SAP」を採用 - SAP News Center,https://news.google.com/rss/articles/CBMi0gJBVV95cUxQOEw5VHlNNGVCRnVpZDNnejlkN25fVkg3bHJkbVUwc0xNU3hEamNGRU1sRVNIbmdtZXdKVkxsbVhESkNDZTBtekNqWWhZSGtvYTF2c253dHM3Nzd0T2d6Z1NTMVJ3am4tV094TnZSTzdIZDJOcEZoWGZKLXg3UEtHblhTQUF4LVdIalFZV1ZaWnlUa2p5Zm1EcTcwdUs1a0lUcVBHel9CMDVoMVRtSjhvbDVmYjMtbkRRdm1sdTlRSTlTRVNsZFJ0S3FuNVd6ZTUzX2phc2Z2LXlNQ2c3WndVb2pJNmtIVXdjbGtoMVNoSXJVc1VSUVVudlYyTTlXMGJNNjdqdE51aVZaN3QxdEU1dWtTb3ZCeVJOWl8yWnRMRGdaQWVCNGJzeEdIWk5JTWVtelZfNVZsT0FhSFpTWDFiTUsycEFLdG5EQWUxMHpfTENEZw?oc=5,SAP News Center,2022-11-21 04:54,日本電波工業が、SAP のクラウドオファリング「RISE with SAP」を採用&nbsp;&nbsp;SAP News Center,2026-06-08 16:08
日本電波工業,米大手証券が精密・電子部品3社の目標株価を大幅引き上げ 東芝テックは4000円に - finance.biggo.jp,https://news.google.com/rss/articles/CBMiX0FVX3lxTFBRQlZYcmJpa0FLVW1mU2dmZEdBOXZSMll1QVc5d2QwTXBMZGxCNnFwZDhZV25Ja2U5dGFESmJoV0lYQ1h5MWw4bmExSllSTzlIYnVKNHdDVUNjYkppT2cw?oc=5,finance.biggo.jp,2026-03-18 07:00,米大手証券が精密・電子部品3社の目標株価を大幅引き上げ 東芝テックは4000円に&nbsp;&nbsp;finance.biggo.jp,2026-06-08 16:08
日本電波工業,【材料】 前日に動いた銘柄 part1レーザーテック、大崎電気工業、住友電気工業など - 株探(かぶたん),https://news.google.com/rss/articles/CBMiYEFVX3lxTE9LY2ludXptVkVJcVNTT2dKSjY2SWVZS0gyZmFDV0ZHdzM2Tkw2c3FDUXIyS05pbWd6cEZBNjQxTUI3SHRWT2ZfbDVQVGlPVm15VzV2cXJPYzlrTHFLRGxZVg?oc=5,株探(かぶたん),2026-03-11 07:00,【材料】 前日に動いた銘柄 part1レーザーテック、大崎電気工業、住友電気工業など&nbsp;&nbsp;株探(かぶたん),2026-06-08 16:08
日本電波工業,日本電波工業が逆行高､今3月期も最高益更新に上方修正 - 四季報オンライン,https://news.google.com/rss/articles/CBMiV0FVX3lxTE1RV1k5dURVbHlrU3pXcTNfVTVHVUFOQWJUNVlCNXRLQV9CWU5XM2xPZnkwa1lNVUdZdjRQTExFZEllVFd4RS1IdU1Lckl2YnE2c0lZM2Y3Zw?oc=5,四季報オンライン,2022-09-26 07:00,日本電波工業が逆行高､今3月期も最高益更新に上方修正&nbsp;&nbsp;四季報オンライン,2026-06-08 16:08
日本電波工業,日本電波工業（6779）の株価・業績・比較銘柄 - 四季報オンライン,https://news.google.com/rss/articles/CBMiVEFVX3lxTE9YRmtFZXJ1dURXLU5QX1RoTG4wc0VkbkY4LTAySy02VllGWkNTbFR4RUlEOGkxUi1PSXRTMGJOLWZLcW1xOUZ6ZE1Zcm03R19GVlQxNg?oc=5,四季報オンライン,2022-05-01 02:59,日本電波工業（6779）の株価・業績・比較銘柄&nbsp;&nbsp;四季報オンライン,2026-06-08 16:08
日本電波工業,日本電波工業(株)【6779】：企業情報（決算時期や平均年収、代表者名など） - Yahoo!ファイナンス,https://news.google.com/rss/articles/CBMiXEFVX3lxTFBKVXl5RDllM1RtYkgwZ09YbkF5NjB2LXQ0aVk1MUxiVlNhNjcyQ0Y0alMtRWxmNnNwVS1xcDlRT3dVU2xUa0pCRlhKc3h2R3pWNjhSZXZ6NldWUF9V?oc=5,Yahoo!ファイナンス,2022-06-29 00:36,日本電波工業(株)【6779】：企業情報（決算時期や平均年収、代表者名など）&nbsp;&nbsp;Yahoo!ファイナンス,2026-06-08 16:08
日本電波工業,動意株・１５日＞（前引け）＝日電波、ＭＩＣ、Fスターズ、エイチワン (2026年5月15日掲載) - ライブドアニュース,https://news.google.com/rss/articles/CBMiXkFVX3lxTFBpRFNEYl8wYjdZSC1UOUxNYzVaMTl2dWtJckRrZ1g0OVBEQndxeGFKUTdKQUFhYWVBS2NFRnNvMEFUMWRlT2VOUXlpQm5SSVNhNXZua1I4anlOZ1ppcmc?oc=5,ライブドアニュース,2026-05-15 07:00,動意株・１５日＞（前引け）＝日電波、ＭＩＣ、Fスターズ、エイチワン (2026年5月15日掲載)&nbsp;&nbsp;ライブドアニュース,2026-06-08 16:08
日本電波工業,【5/25 速報】日経平均が史上最高値更新！AI半導体73銘柄を総点検｜日本電波工業・太陽誘電・フジクラ・キオクシア・レーザーテックが急騰 Promozione (magvup65cN) - Mshale,https://news.google.com/rss/articles/CBMiW0FVX3lxTE9rUTlwU2RFb0M4YUhTVi1VNHdOWWMySThxWTB0YkZvbjlpVldZUVpVek5FX1ozR0hXYXppOE9OUjZZcExzMzZ6cHJhRVpKRGY4Q2N2ZWNpVDFZa00?oc=5,Mshale,2026-05-29 09:41,【5/25 速報】日経平均が史上最高値更新！AI半導体73銘柄を総点検｜日本電波工業・太陽誘電・フジクラ・キオクシア・レーザーテックが急騰 Promozione (magvup65cN)&nbsp;&nbsp;Mshale,2026-06-08 16:08
日本電波工業,日本電波工業(株)【6779】：株価チャート - Yahoo!ファイナンス,https://news.google.com/rss/articles/CBMiWkFVX3lxTFBEVTktX01ieGRqYW1BZnMxVk1EVWJnMzFZVHQ2TjFiWkJ3d1hxcHJCRkpWQkxWSzd0SWphZUQyQ1A4c2xBWVgzUzM5cTJLOVFjbWxrRVFDeGpNQQ?oc=5,Yahoo!ファイナンス,2021-03-16 12:22,日本電波工業(株)【6779】：株価チャート&nbsp;&nbsp;Yahoo!ファイナンス,2026-06-08 16:08
日本電波工業,日本電波工業（6779）の株価推移 - 四季報オンライン,https://news.google.com/rss/articles/CBMiYEFVX3lxTE40Y2JoVElYTS0zSXZUWWNhSGhnRmhIZHY4TE9NWXRyd3VydHZBYlhqQ0NqYktiakpqaWp2aVI2ZUJodWFPVEtYbEl6U3N2NncxM2FBZHZTNG5aZmlHVlQxQw?oc=5,四季報オンライン,2022-05-01 03:30,日本電波工業（6779）の株価推移&nbsp;&nbsp;四季報オンライン,2026-06-08 16:08
日本電波工業,フォトマスク用装置・部材、新興勢＆新材料の登場進む - 産業タイムズ社,https://news.google.com/rss/articles/CBMiZEFVX3lxTE5SOHlTejA5R3c5aDdncU5VTHBOQ0lneWV5MHMyM2FzVEdGZlFLUXBBczE5ZC1aR1RkQXpINENUYk5id2tqRk5YVk5NTnJiSC14TGl5aHZ1NGRIa1huTEdiczAwR2I?oc=5,産業タイムズ社,2026-04-02 07:00,フォトマスク用装置・部材、新興勢＆新材料の登場進む&nbsp;&nbsp;産業タイムズ社,2026-06-08 16:08
日本電波工業,日電波は新値追い、前期営業益は上振れ着地で今期予想は１９％増 - ライブドアニュース,https://news.google.com/rss/articles/CBMiX0FVX3lxTE1jSDd6VHJ5S1JqeDhaYUJremJKbGZ5N2U4eHUtV25vNFo1QXRpeFlmWHNDWnhuVFM5aHNLUU1aQ0NDTE9INTRjQ2Fscm90ZVp0TS1lZjlVM0V4WTloTU5v?oc=5,ライブドアニュース,2026-05-15 07:00,日電波は新値追い、前期営業益は上振れ着地で今期予想は１９％増&nbsp;&nbsp;ライブドアニュース,2026-06-08 16:08
日本電波工業,【日本株大反発】日本電波工業が＋20％の暴騰！AIインフラど真ん中銘柄の衝撃 / 安川電機・新中計に見る戦略的シフト＜株式レポ5/25＞ Owen Power (5iYm9YkXS3) - Mshale,https://news.google.com/rss/articles/CBMiW0FVX3lxTE1NNGV1UUp6TzZuOG9fSG44dlpnNjR0SF9yWmRyRFRWTFRhcVZfRWdaRG5jU0NiYlpVd0F5UUhSWWl3Y25hdWF6bGdJZGY4di0wOXNQWFFBZ3NVYUk?oc=5,Mshale,2026-05-30 20:58,【日本株大反発】日本電波工業が＋20％の暴騰！AIインフラど真ん中銘柄の衝撃 / 安川電機・新中計に見る戦略的シフト＜株式レポ5/25＞ Owen Power (5iYm9YkXS3)&nbsp;&nbsp;Mshale,2026-06-08 16:08
日本電波工業,日電波、今期税引き前を一転70％増益に上方修正、未定だった配当は4期ぶり5円で復配 - 株探(かぶたん),https://news.google.com/rss/articles/CBMiUkFVX3lxTE1KLWllbXg0UGhKVndMa3FTMTdNZnREU2lJekhzMUR2dlNKZ0YxTjVxMFo3NlQ0R0RZMG93d1pQMG5wdnc0aGFnYlVlLUV6UmNyQXc?oc=5,株探(かぶたん),2021-11-09 08:00,日電波、今期税引き前を一転70％増益に上方修正、未定だった配当は4期ぶり5円で復配&nbsp;&nbsp;株探(かぶたん),2026-06-08 16:08
日本電波工業,【電子部品技術総合特集】日本電波工業 上木健一取締役常務執行役員技術本部長 - 電波新聞デジタル,https://news.google.com/rss/articles/CBMiUkFVX3lxTE15OXQwUGJwWkw4cHo2dVBReUk4YU5Ld3ZZUlVKUjRHNnNsUS1LMk9wVWE0UlFLSmZaRHJicUhhTGVyaU1Qd2VqdC1RY2dSM0RVLVE?oc=5,電波新聞デジタル,2023-07-14 07:00,【電子部品技術総合特集】日本電波工業 上木健一取締役常務執行役員技術本部長&nbsp;&nbsp;電波新聞デジタル,2026-06-08 16:08
日本電波工業,村田製作所、マブチモーター、日本電波工業…半導体立国に必須な「電子部品」で世界に負けない最強技術企業【8社】 - ダイヤモンド・オンライン,https://news.google.com/rss/articles/CBMiTEFVX3lxTE1ydVNaN050QmI4RHgzcW9HN1F4ZlNwaVhNZHBobnFnU3RsU2NxcUVsS3l6Mzg0ZUZ6WFBBal81NFY2OWNDdUlRd1I5VWXSAU9BVV95cUxONTBZeVdNLXVMUXhNRTIwX3dVWHRaRkFfQU05Y1RxdHhCdVUtc3MwcDByZ0ZQQWQzcnhLcG1KeEpvVXpwV2VfQUw2cndpZUw4?oc=5,ダイヤモンド・オンライン,2024-02-02 08:00,村田製作所、マブチモーター、日本電波工業…半導体立国に必須な「電子部品」で世界に負けない最強技術企業【8社】&nbsp;&nbsp;ダイヤモンド・オンライン,2026-06-08 16:08
日本電波工業,ゲストは 日本電波工業株式会社 取締役常務執行役員 管理本部長 竹内謙氏：8月1日（木）分｜Business EXpress｜ビジネス - radionikkei.jp,https://news.google.com/rss/articles/CBMiXEFVX3lxTFBDUHlySjM5RWMtNnJQM1NBY2NSdzVXZ0tHZEwyYnZXZFNsUVdZQ3lrdnFYSUd5amNoZmRIRjU2MnlVMWt3MThEaFp4TWJWRnBpYXo4MVVFV2pRN1hl?oc=5,radionikkei.jp,2024-08-01 07:00,ゲストは 日本電波工業株式会社 取締役常務執行役員 管理本部長 竹内謙氏：8月1日（木）分｜Business EXpress｜ビジネス&nbsp;&nbsp;radionikkei.jp,2026-06-08 16:08
日本電波工業,次世代データセンター向け水晶発振器 日本電波工業が開発：高周波、高精度、低ジッタを実現 - EE Times Japan,https://news.google.com/rss/articles/CBMib0FVX3lxTE5NYkFPRmFIYkFLU3c4ZkVnZ3o3MTlfV3lxUzA5cDg2UzBNUTVRYmlqWi1aUXZjX1VneWVCLUZScExSV3lYTmpZQzMtLXJvZUhZZHZkemJsVEZELTNMUzBnaWdHMjZuaVJ4X0VlZE81aw?oc=5,EE Times Japan,2024-11-28 08:00,次世代データセンター向け水晶発振器 日本電波工業が開発：高周波、高精度、低ジッタを実現&nbsp;&nbsp;EE Times Japan,2026-06-08 16:08
日本電波工業,日本電波工業(株)【6779】：ニュース・最新情報 - Yahoo!ファイナンス,https://news.google.com/rss/articles/CBMiWEFVX3lxTFAzTExVR2ZjQlNvNU1WUEFYczMtZ1d6aTBxVjJpZmdtSVQwYk5CTjViQWd0VDRaYTF1VENnaDRyS2pINWNaVmdzLTd0NmpEQjBGYk1XcnBrQWo?oc=5,Yahoo!ファイナンス,2021-03-20 11:10,日本電波工業(株)【6779】：ニュース・最新情報&nbsp;&nbsp;Yahoo!ファイナンス,2026-06-08 16:08
日本電波工業,セック・日電波・アニコムHD…ファンドも中小型株に注力！/日経平均反落【今日の注目株＆日本株市場見通し】「デイリーZAi」9月26日号 - ダイヤモンド・オンライン,https://news.google.com/rss/articles/CBMiU0FVX3lxTE5DU01YM3JGd20wNEdhR0FYRjRycGpHY1dZZkdCeGRnek9lUEdWanVFc25VZ2E5RTB2RWxsZmZJWldneGJOXzFNT3BiT2Z6bWZzTE5Z?oc=5,ダイヤモンド・オンライン,2025-09-26 07:00,セック・日電波・アニコムHD…ファンドも中小型株に注力！/日経平均反落【今日の注目株＆日本株市場見通し】「デイリーZAi」9月26日号&nbsp;&nbsp;ダイヤモンド・オンライン,2026-06-08 16:08
日本電波工業,＜動意株・２０日＞（大引け）＝日電波、ＴＷＯＳＴ、安永など - ライブドアニュース,https://news.google.com/rss/articles/CBMiX0FVX3lxTE04bmZLeTB6NVZ5bk90bzkxTk9takVFLU9mLVIwZW9OVV8wVWVIVUNKbGgyMWk5WWMyUVBuTDNKdkRxY05oZWd0VVptNUY5UkhtVXhiV1hvd2drbHo3QlM4?oc=5,ライブドアニュース,2026-04-20 07:00,＜動意株・２０日＞（大引け）＝日電波、ＴＷＯＳＴ、安永など&nbsp;&nbsp;ライブドアニュース,2026-06-08 16:08
日本電波工業,［昭和100年の証言］2009年、国際会計基準 IFRS適用第1号企業が語る意義 - 日経ビジネス電子版,https://news.google.com/rss/articles/CBMiZ0FVX3lxTFBlU0lhTnRzakJNbFVfaEdrMDlZZTg4bUNDWUFnaWJqaFN2M0NNQWxET0dSWkVGTFpDOEZyUGRYTVRBRnJlRWpMeDdZWVM4Q3ozRnI4UjF0cU9qTTV6Q3QxcG5lTkpOeGM?oc=5,日経ビジネス電子版,2025-03-19 07:00,［昭和100年の証言］2009年、国際会計基準 IFRS適用第1号企業が語る意義&nbsp;&nbsp;日経ビジネス電子版,2026-06-08 16:08
日本電波工業,日本電波工業(株)【6779】：適時開示情報 - Yahoo!ファイナンス,https://news.google.com/rss/articles/CBMiYEFVX3lxTFBSdHRSWGloSEQxX190WUJXNkpSdkpNNXc0eGFkcFBqYzZNMjIxVHpxVFdmbDVXNl9lQ201WU83V0tZV3lPYVRpM2NBZ1lQWmg1TmIxdlB3YmF6cTNLUVhvTQ?oc=5,Yahoo!ファイナンス,2024-02-20 10:50,日本電波工業(株)【6779】：適時開示情報&nbsp;&nbsp;Yahoo!ファイナンス,2026-06-08 16:08
日本電波工業,拡大続くタイミングデバイス市場、「水晶vs MEMS」鮮明に - 産業タイムズ社,https://news.google.com/rss/articles/CBMiXEFVX3lxTE9NNm1NWTd3T0YwTHZCM0szZFY3d1N1UXU0dGxfcFM3akJ1LV9YUkcxN2FZRDJCaWtTaXhMRzFIaFpwbW1ndkhpaWdQUFNXaUFQT3pCWGoxbl9FVHN2?oc=5,産業タイムズ社,2022-08-19 07:00,拡大続くタイミングデバイス市場、「水晶vs MEMS」鮮明に&nbsp;&nbsp;産業タイムズ社,2026-06-08 16:08
日本電波工業,日本電波工業、社長に加藤啓美氏 - 日刊工業新聞,https://news.google.com/rss/articles/CBMiW0FVX3lxTFBQQmdtQ24zUzBKR0RJTEp0ZjRvTnFXeEs1eWNMQ1Jabm9TZTVKTUMyOFlUUUVrZVdobEF0QVVKSEo2YWM5RHNCWUQtb1RVY3liM1d2aVdFVHZvN00?oc=5,日刊工業新聞,2019-03-26 07:00,日本電波工業、社長に加藤啓美氏&nbsp;&nbsp;日刊工業新聞,2026-06-08 16:08
日本電波工業,日本電波工業、3225サイズ差動出力水晶発振器を開発：車載カメラなどの用途に向け - EE Times Japan,https://news.google.com/rss/articles/CBMib0FVX3lxTE02QVg1X0JOZHhtdmVNUnJvTU0wb1VFd3ZDVHV6S0twcFAzWFpHUG1hbGk2TXVXTHpjTnozU2c3UWF4S3ExdGxobnBUSFZkSlZfQzF5dlBoTmtJcmFzVWlfbWNiYWp2NnhBMUNuWlR0WQ?oc=5,EE Times Japan,2022-04-25 07:00,日本電波工業、3225サイズ差動出力水晶発振器を開発：車載カメラなどの用途に向け&nbsp;&nbsp;EE Times Japan,2026-06-08 16:08
日本電波工業,NDKとJAXA、国産の宇宙用QCMセンサー開発に向け共創を開始：現在は米国製が主流 - EE Times Japan,https://news.google.com/rss/articles/CBMib0FVX3lxTFB5aTNINDN6UG00NlFSQ3p0aUVtWm9EX2t2UmU5U05yM3YyMVB3NXBIV0lIU3NFSi1qb2NjOWNQY3hjWUFqenBmNTNwNmJPYVU0Z3paRElaTGlZY2Y4b19nR1puaFd1NVoxNFg0U2ZrMA?oc=5,EE Times Japan,2024-02-20 08:00,NDKとJAXA、国産の宇宙用QCMセンサー開発に向け共創を開始：現在は米国製が主流&nbsp;&nbsp;EE Times Japan,2026-06-08 16:08
日本電波工業,日本電波工業(株)【6779】：板気配 - Yahoo!ファイナンス,https://news.google.com/rss/articles/CBMiX0FVX3lxTE5yRTU4UXBEcDkyaWd6QkF0VzIxZ0RjcHFvRVVJOWlaZDRDd3RNNkszVlBPa2J1bDFEN01vYXFzWWltWndrRVpkb0o3QlFvZzI2TVNBTEpiRGtwcVdvZG9j?oc=5,Yahoo!ファイナンス,2022-06-29 01:29,日本電波工業(株)【6779】：板気配&nbsp;&nbsp;Yahoo!ファイナンス,2026-06-08 16:08
日本電波工業,日本電波工業「IFRSを適用しない理由はない」：【IFRS】IFRS先行企業インタビュー【3】 - ITmedia,https://news.google.com/rss/articles/CBMibEFVX3lxTFBFOGJSTEl0WUIwdjlEMC1SSW9feGdLbzN5NXptNHMwQlVUOEhid3BRUHpmRU5yUVJYQWF2akk5c2xTSWRHeElWMGJuV2dhZlplY0lQTlB5SjZfUm5NdnpPR25XcG41ZTVWSkMyWQ?oc=5,ITmedia,2010-07-22 07:00,日本電波工業「IFRSを適用しない理由はない」：【IFRS】IFRS先行企業インタビュー【3】&nbsp;&nbsp;ITmedia,2026-06-08 16:08
日本電波工業,２分で分かるＡＩ図解 日本の未来 ：日本電波工業やリバーエレテックに追い風となる「自動運転の普及」＝ゼノデータ・ラボ - 週刊エコノミスト Online,https://news.google.com/rss/articles/CBMif0FVX3lxTE14a1EzX25ZT0RaOThkbXYtcW0tZ1RGYURadzUzMjlfOURqQTJDR3RlZlZJNUduc3EtNUVBSkNrbzMwSlUxbkszUW9PTnZneU9pc3NQbkdBVmZVYUhDOEtFbkwxUkVzcmlrdFVrbXRyN29HX1BzWlYyMXRGWTE1cFE?oc=5,週刊エコノミスト Online,2021-06-28 07:00,２分で分かるＡＩ図解 日本の未来 ：日本電波工業やリバーエレテックに追い風となる「自動運転の普及」＝ゼノデータ・ラボ&nbsp;&nbsp;週刊エコノミスト Online,2026-06-08 16:08
日本電波工業,国際会計基準 竹内敏晃［日本電波工業会長］ - 日経ビジネス電子版,https://news.google.com/rss/articles/CBMiZEFVX3lxTE9OY1gweTY0SS1CeFp1TFViWUZySVZYbjJKemZMRkFreTRET3NzQUM5R1VENC03X2dTaWF2STVLbUpjcjNsMVRrMWVROFg3SXBwN21UNkRrdDd2TlYtSWJRZnluWHE?oc=5,日経ビジネス電子版,2024-12-27 08:00,国際会計基準 竹内敏晃［日本電波工業会長］&nbsp;&nbsp;日経ビジネス電子版,2026-06-08 16:08
日本電波工業,NDK、1008サイズで厚み0.25mmの水晶振動子を開発：小型・薄型のウェアラブル機器向け - EE Times Japan,https://news.google.com/rss/articles/CBMib0FVX3lxTE5vZFIweEtsX3NVWjZ5SmlOaV9sSU1rUVdBcEFEcUliYkw5ekJDX0NKVWZTTk9BYWdxWlJ6NHBCZmI3UVIxZDVaZWRMUkdWR3RtYmdFT2EtVFI1VnNWNHJLdko5SDZ3WGVHVXhpY2Qtaw?oc=5,EE Times Japan,2021-06-18 07:00,NDK、1008サイズで厚み0.25mmの水晶振動子を開発：小型・薄型のウェアラブル機器向け&nbsp;&nbsp;EE Times Japan,2026-06-08 16:08
日本電波工業,日本電波工業 中計の投資額を大幅増額 老朽化設備更新やDX推進 - 電波新聞デジタル,https://news.google.com/rss/articles/CBMiUkFVX3lxTE42RlhSYzhMWUJoMEZ1V0EzckJLem5yMGZVNnN0a3RsUnF2ekdSOWNzbG5CY0x0M1k3Wkx1a0xSQnR1TmtUR2l5ZFBpcEllZWQyNXc?oc=5,電波新聞デジタル,2023-01-02 20:17,日本電波工業 中計の投資額を大幅増額 老朽化設備更新やDX推進&nbsp;&nbsp;電波新聞デジタル,2026-06-08 16:08
日本電波工業,画期的な難病治療を目指す「株式会社ウェルセラ」、超音波医療機器メーカー「日本電波工業株式会社」とLOI（意向表明書）を締結 - PR TIMES,https://news.google.com/rss/articles/CBMiakFVX3lxTE1DeTl4bUhKRzQ4T21WdE5kaEhuekhQbFlYMUEzOHh4YkFoelY5S25pUXhpMjllMFBud1BsMDlGem02NVM2RkU3THZxdDVVTV9NNjJEeEVYRE1ZaTVabnAzV0RSTXJJSlo1eEE?oc=5,PR TIMES,2025-02-04 08:00,画期的な難病治療を目指す「株式会社ウェルセラ」、超音波医療機器メーカー「日本電波工業株式会社」とLOI（意向表明書）を締結&nbsp;&nbsp;PR TIMES,2026-06-08 16:08
日経平均,日経平均株価 一時3100円超下落 大荒れの週明け株式市場 背景にアメリカの利上げ観測、NY市場でハイテク株中心に急落など - TBS NEWS DIG,https://news.google.com/rss/articles/CBMiV0FVX3lxTFBUOE5KcTR5dERNUFJsVHpBM0FSWEJCb3B6NGE4OTJUa1ROdDhPdHAyS0RiUXE3NlN5RWFTMk5ZUkhKUXpQdHRVNEhER0dRc3pmR1dlQ1hhVQ?oc=5,TBS NEWS DIG,2026-06-08 03:16,日経平均株価 一時3100円超下落 大荒れの週明け株式市場 背景にアメリカの利上げ観測、NY市場でハイテク株中心に急落など&nbsp;&nbsp;TBS NEWS DIG日経平均、3100円超下落 過去4番目の下げ幅 ハイテク株に売り&nbsp;&nbsp;朝日新聞週明けの日経平均株価 終値2563円安 過去5番目に大きい下げ幅 アメリカの利上げ観測強まり東京市場でもAI・半導体関連株が相場を押し下げ（TBS NEWS DIG Powered by JNN）&nbsp;&nbsp;Yahoo!ニュース日経平均終値2563円安、AI熱冷ます米雇用統計 26年で2番目の下落幅&nbsp;&nbsp;日本経済新聞日経平均は２７００円程度安、売買代金はキオクシア、ソフバンＧ、村田製が上位 速報&nbsp;&nbsp;kabushiki.jp【速報】日経平均株価の下げ幅が一時3000円超える&nbsp;&nbsp;FNNプライムオンライン今週のマーケット：AI関連株、日経平均の急落。米物価指標、大型IPOの行方に注目&nbsp;&nbsp;トウシル【日経平均株価が大幅下落】前週末にアメリカ市場でテクノロジー株を中心に売り込まれた流れが波及&nbsp;&nbsp;東洋経済オンライン日経平均株価、一時３１００円超下落…６万３４００円台で推移&nbsp;&nbsp;読売新聞,2026-06-08 16:08
日経平均,日経平均の今週の予想レンジは6万2000円-6万8000円 - マネクリ,https://news.google.com/rss/articles/CBMiVEFVX3lxTE56RXZJdktFZmFtSUU5YTRBRm1KTXp1U2VObk1mNGo3X2tnQ0ZQd1ZfVUpjN0ZDTWpHU3R3OThmOTUwaVJjakN6MUYwVXpRNzE0YkdNa9IBV0FVX3lxTE5NS1gzVko4Q3RBXzdXMi1ZR1ZkT0NvNnc4S1ZpdHZRQm9udC1uY3hOeFVhZFA3UG1VTEltRXJFZlRQT3pMZ1FBblFVemxGMU1qaHl1bU9TMA?oc=5,マネクリ,2026-06-08 00:19,日経平均の今週の予想レンジは6万2000円-6万8000円&nbsp;&nbsp;マネクリ,2026-06-08 16:08
日経平均,日経平均が一時3100円安 米国の利上げモードでAIバブル変調？ - 朝日新聞,https://news.google.com/rss/articles/CBMiZ0FVX3lxTE4wbEZHYmhaTXpLb0l6cnZEenFUVGZid3pPOUgxTjZwTjBjUG1Ybm5QTUVyeXR1WWlGR2k2VE9VcXI1TDJKLVc0bE4tMmt1V2cwUXl5MEFWX3J0MkxCOXNyQzhuV05oTms?oc=5,朝日新聞,2026-06-08 07:24,日経平均が一時3100円安 米国の利上げモードでAIバブル変調？&nbsp;&nbsp;朝日新聞,2026-06-08 16:08
日経平均,日経平均株価、640円56銭安で始まる - 寄り付き解説 きょうのトピック - 日経CNBC online,https://news.google.com/rss/articles/CBMiVEFVX3lxTFBXZW1SV1RZUnFRdUI4V1NCd19uc3NTSUg0M1Q1U2NRZVlRU0hBZkZiWndxZmdyenNqaEo4ZXFrMUhnZkhLXzdJMllJcUxSVjFZVGJxdA?oc=5,日経CNBC online,2026-06-08 00:00,日経平均株価、640円56銭安で始まる - 寄り付き解説 きょうのトピック&nbsp;&nbsp;日経CNBC online,2026-06-08 16:08
日経平均,【市況】 伊藤智洋が読む「日経平均株価・短期シナリオ」 (6月8日記） - 株探(かぶたん),https://news.google.com/rss/articles/CBMiYEFVX3lxTFBDLUhlVW5OQ1FMSnNFUUlHYW9fbTVYUUxwZEFLcHZCQ3hTMzJvQzFxX1o2LXRXUktFOWNQMmZNZHROTTRaUHphUmJWd1dhQVdVeUtSSHBtVXdZQUZteFJZWA?oc=5,株探(かぶたん),2026-06-07 23:15,【市況】 伊藤智洋が読む「日経平均株価・短期シナリオ」 (6月8日記）&nbsp;&nbsp;株探(かぶたん),2026-06-08 16:08
日経平均,日経平均株価 下げ幅一時3000円超 - Yahoo!ニュース,https://news.google.com/rss/articles/CBMiUEFVX3lxTE5NMm9kaWI1eGlKclNMQzN4ZG5ObmE2U002MjBVbVNTbVlKSmRldjFSVDJad2NRaDhHTkJSeFl1NEtWakZFN2MtT2N0VnB0SjhI?oc=5,Yahoo!ニュース,2026-06-08 01:39,日経平均株価 下げ幅一時3000円超&nbsp;&nbsp;Yahoo!ニュース,2026-06-08 16:08
日経平均,日経平均が3000円安になっても押したら買いと言えるワケ - 四季報オンライン,https://news.google.com/rss/articles/CBMiV0FVX3lxTFB4UF8xRkVmUl9HdGVrcVN3eXZmWHFKRHlEeHRPZkUtMmJ4bW1RSmwtX3dMN0NHTDY2TmJ3YVA2eGlCUHlxWTZxX29KWktoVWNoN1ZEX0cybw?oc=5,四季報オンライン,2026-06-07 22:30,日経平均が3000円安になっても押したら買いと言えるワケ&nbsp;&nbsp;四季報オンライン,2026-06-08 16:08
日経平均,【市況】 東京株式（後場寄り付き）＝日経平均株価は前場終値比でもみ合い圏推移 - 株探(かぶたん),https://news.google.com/rss/articles/CBMiYEFVX3lxTE1XNU9CdlUtekc5bmZfeVFCMktqVUlaX0FWOHppczBDM0NGS3BnSjBqSFFRdXlUdzBFQ3NBaWNXTGNicXV5T2FjUjFYdlBjX0VYTldZRzBDUEZEWkdqcFhIUw?oc=5,株探(かぶたん),2026-06-08 03:31,【市況】 東京株式（後場寄り付き）＝日経平均株価は前場終値比でもみ合い圏推移&nbsp;&nbsp;株探(かぶたん),2026-06-08 16:08
日経平均,日経平均が下げ幅拡大、下落幅３０００円超える 速報 - kabushiki.jp,https://news.google.com/rss/articles/CBMiR0FVX3lxTE0yRFYzVUpIZHVQOW9feExpTHhGU3JqNFNlSTdzcGpRNDZhMTY5NTVKTnJLMlFDVTJPLV96UGFWX1pJZXZlTVNR?oc=5,kabushiki.jp,2026-06-08 01:30,日経平均が下げ幅拡大、下落幅３０００円超える 速報&nbsp;&nbsp;kabushiki.jp,2026-06-08 16:08
日経平均,日経平均続落 一時3100円超安 史上4番目の下げ幅 - 毎日新聞,https://news.google.com/rss/articles/CBMiaEFVX3lxTE10UEliUHhXalVGVzlHSW95VFhFVDNGYXFKSnA0TnR4SDNHQTh4MnpwSlZjdGhJbGYtRFpKQkFaUnJPRjV1emNjNTNMOVNiaEJKcU42MXpjcjA4MEJVZmt2Yjc3UzZLOHVz?oc=5,毎日新聞,2026-06-08 02:26,日経平均続落 一時3100円超安 史上4番目の下げ幅&nbsp;&nbsp;毎日新聞,2026-06-08 16:08
日経平均,日経平均株価一時6万円超えも、前日比445円安 なぜ、日本株は大きく変動する？ 野村證券ストラテジストが解説 - nomura.co.jp,https://news.google.com/rss/articles/CBMiX0FVX3lxTFB4M19mRnhZWm9yWHlhQ0Q0WDc0SHk1MVA0UTM2VTFjaHdWeTc1VTB0T0dna3hYbUI0U1FHUDN6YXdwZk9oQzVqZzR2UTdiZXNyMTZ2dTNxSkZFS3JBRi04?oc=5,nomura.co.jp,2026-06-05 07:00,日経平均株価一時6万円超えも、前日比445円安 なぜ、日本株は大きく変動する？ 野村證券ストラテジストが解説&nbsp;&nbsp;nomura.co.jp,2026-06-08 16:08
日経平均,"日経平均株価一時63,000円超え 停戦合意前に大幅株高、停戦合意後は？ 野村證券ストラテジストが解説 - nomura.co.jp",https://news.google.com/rss/articles/CBMiX0FVX3lxTE5xOHA1UGhrZlJYVkFQaWJsNGhSWnpfYWl5QXczcWN0MzA0R0pabHZqSkF3XzZmaGJjbmE5YTZCdDlrT0JEUHRPZjlqeko0RW0xU0V3Sk56b295Sm51azh3?oc=5,nomura.co.jp,2026-06-05 07:00,"日経平均株価一時63,000円超え 停戦合意前に大幅株高、停戦合意後は？ 野村證券ストラテジストが解説&nbsp;&nbsp;nomura.co.jp",2026-06-08 16:08
日経平均,【速報】日経平均株価が一時2500円超下落 アメリカ市場で年内利上げ観測等で下げた流れで - FNNプライムオンライン,https://news.google.com/rss/articles/CBMiTkFVX3lxTE5vczZKazE5THdVaHF1OFZfOE9NVDJNbkhaQW5LWkF3dWxfT1FZNU1UdGdWTy1CUVRXNjk1SFY5d1hUM2FhOXZqeUZGSHExdw?oc=5,FNNプライムオンライン,2026-06-08 00:03,【速報】日経平均株価が一時2500円超下落 アメリカ市場で年内利上げ観測等で下げた流れで&nbsp;&nbsp;FNNプライムオンライン,2026-06-08 16:08
日経平均,【速報】日経平均は２５６３円安の６万４０２４円で取引を終えた - 時事ドットコム,https://news.google.com/rss/articles/CBMiZkFVX3lxTE0zdFJOUDc1UFl0am0xNHhUbTZuTm9uczV2NjdmRUcxWDlzbUZ4LXc5dGh0bzlVYkpQS21fWTZEUUhNV3B0UkU1ZEYtdVJwZlNMM2lTY3p2b3VreHRPU0dPMUtuMlRBdw?oc=5,時事ドットコム,2026-06-08 06:33,【速報】日経平均は２５６３円安の６万４０２４円で取引を終えた&nbsp;&nbsp;時事ドットコム,2026-06-08 16:08
日経平均,日経平均「高市ラリー」曲がり角？米国で半導体・AI関連株が急反落（窪田真之） - トウシル,https://news.google.com/rss/articles/CBMiWkFVX3lxTE9iNVUzRXV6OEJxNVo3Q2hVOHhLcDU2Y2s3Tm5tSjg5MDNqa3UzTXpmY3RCYTRuVVBKd1ptaGFMcXd2WU5zN0xrNWdNLVA4bnluMk1hLVlBUVB1dw?oc=5,トウシル,2026-06-07 23:00,日経平均「高市ラリー」曲がり角？米国で半導体・AI関連株が急反落（窪田真之）&nbsp;&nbsp;トウシル,2026-06-08 16:08
日経平均,日経平均株価終値 先週末より2563円安 過去5番目の下げ幅 - ABEMA,https://news.google.com/rss/articles/CBMiW0FVX3lxTE04dC1GQXBBUmRPRTJmc0NJQk1oRXljNUtxUi1kak1HMGtyTTlOOVdhY1Q2Mm90WDRGa1dlUnZkdFZnaVZKNXRMd2I4cnhkaUphZkZXLUZ1YlJBUGc?oc=5,ABEMA,2026-06-08 07:17,日経平均株価終値 先週末より2563円安 過去5番目の下げ幅&nbsp;&nbsp;ABEMA,2026-06-08 16:08
日経平均,日経平均株価、週明け急落見通し 先物4％超下落 雇用統計過熱ショック - ig.com,https://news.google.com/rss/articles/CBMiqwFBVV95cUxOSjFIbVhqUkpGN09vdlVVMHZfMVZUekJtYlZIOHR1N0p2cWhadkxlUWFTWFdmUXpMb2FHYVZOd29SVXVlMHRudW9oQk4zTTA3VzZJeERMVU5NWkxhbGI0SkdWOG5jVVRaekV6U28tcFBHT1dBemlFWndEWWUzRzJqSzN2YVUxemdabmVQYTlkTzVycTNfTjZ5VjZmWlFIZlRUbHRwREM5XzhqZmc?oc=5,ig.com,2026-06-06 23:05,日経平均株価、週明け急落見通し 先物4％超下落 雇用統計過熱ショック&nbsp;&nbsp;ig.com,2026-06-08 16:08
日経平均,日経平均株価、終値2563円52銭安の6万4024円60銭 - TOKYO CLOSING BELL 大引け解説 - 日経CNBC online,https://news.google.com/rss/articles/CBMiVEFVX3lxTE5HYUpvU2R5MUtVZXZyMFBkSWpkeXRtemlUZUtLcEJCQ1ZQMXIzbXFQVzJtM0RMWmR2YkF0RGZlemtORTlhSGVsa0hwdEN5UWthbUdZSA?oc=5,日経CNBC online,2026-06-08 06:18,日経平均株価、終値2563円52銭安の6万4024円60銭 - TOKYO CLOSING BELL 大引け解説&nbsp;&nbsp;日経CNBC online,2026-06-08 16:08
日経平均,"日経平均株価一時51,000円を割り込む 原油高に日本株が過剰に反応する4つの理由 野村證券・池田雄之輔 - nomura.co.jp",https://news.google.com/rss/articles/CBMiX0FVX3lxTE5ickRiemJDd3ZJRU5FanFORkhHbXZ4cDJSdTI2Y3pKMERtTW1tck5KOFpYX0dPY2RKOFU2Mm9FWXEtVFAwV1RlaWdLTFVzNmliLWZ5NUJPUDA3MU9KWWVn?oc=5,nomura.co.jp,2026-06-05 07:00,"日経平均株価一時51,000円を割り込む 原油高に日本株が過剰に反応する4つの理由 野村證券・池田雄之輔&nbsp;&nbsp;nomura.co.jp",2026-06-08 16:08
日経平均,日経平均株価の最高値更新をけん引した「特定企業」と「先物買い戻し期待」 野村證券ストラテジストが解説 - nomura.co.jp,https://news.google.com/rss/articles/CBMiX0FVX3lxTFBKdHF2Z092SEZxMGUtekxLWkhFN0JubFRWTHZXLVMwUWtDa0NHUFc0N2xHT3U3S2x0LTBYS3BZaWx5emprX1Q5SExEV0NvQ21fT1FMaFdxRnBQd2dQSEpn?oc=5,nomura.co.jp,2026-06-05 07:00,日経平均株価の最高値更新をけん引した「特定企業」と「先物買い戻し期待」 野村證券ストラテジストが解説&nbsp;&nbsp;nomura.co.jp,2026-06-08 16:08
日経平均,日経平均株価は高すぎるのか？ 半導体株が牽引も、バブルではないと考える理由 野村證券・岡崎康平 - nomura.co.jp,https://news.google.com/rss/articles/CBMiX0FVX3lxTE9RTlNWOU5GdWVuOXlTbkkzeXdISXAyeTZZMTJCZGtFNS00Z3pIWFI1NkdqMFhzTTYtNXItdW5uWHJuaWVaME53ckZSSVdiN293ZWtIRldIX3NWQXhqSmk4?oc=5,nomura.co.jp,2026-06-05 07:00,日経平均株価は高すぎるのか？ 半導体株が牽引も、バブルではないと考える理由 野村證券・岡崎康平&nbsp;&nbsp;nomura.co.jp,2026-06-08 16:08
日経平均,"中東情勢不透明でも、日経平均株価2026年末60,000円見通しを維持 米国景気3つの楽観シグナルあり 野村證券・池田雄之輔 - nomura.co.jp",https://news.google.com/rss/articles/CBMiX0FVX3lxTE1kNW4ya1dVWjZKSll5d1plUWd5eFRRckItZXNQeWsxR25TbWc4YlMwTFA4S3VycXdkOHZXZ1h2bWtQS0VlU3REUlFTd1NtWnFKZEtfS3J6bnp6OTlBRk1V?oc=5,nomura.co.jp,2026-06-05 07:00,"中東情勢不透明でも、日経平均株価2026年末60,000円見通しを維持 米国景気3つの楽観シグナルあり 野村證券・池田雄之輔&nbsp;&nbsp;nomura.co.jp",2026-06-08 16:08
日経平均,日経平均株価、2563円急落 米国株安が波及 イラン情勢悪化も逆風に - ig.com,https://news.google.com/rss/articles/CBMisgFBVV95cUxOS1lpUWFwcm8zRjdyU2xaWF9kOUh2YXNJTFJWMUVhYVlTSGpEUlhlR0UzMW50ME50cjJIZkJZX0NjNnl1YUY2aHpmMk5Kb2dEbG9kM2VJcWx3bDdqZnpQTmx0UzFfYlNlb2w3dG1FOUYyVXlRMEpVS2tmWXJFTjdnbEQ2ZjBLdERtTXA3YlF0X2FfZUtNVjhKcHhMT3JLT1drZ3VXZEtsbzdmM1ZBZXhuSTR3?oc=5,ig.com,2026-06-08 07:41,日経平均株価、2563円急落 米国株安が波及 イラン情勢悪化も逆風に&nbsp;&nbsp;ig.com,2026-06-08 16:08
日経平均,日経平均株価が一時1600円超の下落 AI・半導体に売り注文 一方で“市場全体では約8割が値上がり”TOPIXはプラス圏 - TBS NEWS DIG,https://news.google.com/rss/articles/CBMiV0FVX3lxTFBrdjRqMVVFeW9RSjBoVXRoRFhqY2RySWpqS3FxcTZQZXRBQmhWTlFHOHF3ZTFhbXFnSThnT091TDFqN1Q4VVprVmNJdUl2RW1tSG51NURFQQ?oc=5,TBS NEWS DIG,2026-06-05 03:18,日経平均株価が一時1600円超の下落 AI・半導体に売り注文 一方で“市場全体では約8割が値上がり”TOPIXはプラス圏&nbsp;&nbsp;TBS NEWS DIG,2026-06-08 16:08
日経平均,"日経平均株価、2,878円高 米・イラン停戦協議を楽観視できない二つの理由 野村證券・岡崎康平 - nomura.co.jp",https://news.google.com/rss/articles/CBMiX0FVX3lxTE1uSTllVDlhTjFRTzFvWkV3dFh1ME5fZGhBYnE2ZGpuSUdYeDE4ZlVwejhScHNCbUdnUkNpakdRNWxJM2xodndvM01LcnBJRlozSzJvdF9FU3BBN1lwaWRZ?oc=5,nomura.co.jp,2026-06-05 07:00,"日経平均株価、2,878円高 米・イラン停戦協議を楽観視できない二つの理由 野村證券・岡崎康平&nbsp;&nbsp;nomura.co.jp",2026-06-08 16:08
日経平均,日経平均午前の終値、２５４７円安の６万４０４０円…金融引き締めへの警戒感から株・円・債券のトリプル安で一時３１００円超下落 - 読売新聞,https://news.google.com/rss/articles/CBMiZEFVX3lxTE4yUl93eExUTFgzRkFlbTZETE54VlJkdWdMWjdoTTMxRmRUMEVRTEZWWVg4MUhUZXR0b3U4ZHNPcnVOVzFFSVlqVFk4THdlT0tPdkVzMHk2aU15S01yOGFOX3hmSVI?oc=5,読売新聞,2026-06-08 03:09,日経平均午前の終値、２５４７円安の６万４０４０円…金融引き締めへの警戒感から株・円・債券のトリプル安で一時３１００円超下落&nbsp;&nbsp;読売新聞,2026-06-08 16:08
日経平均,日経平均株価見通し：ブロードコム・ショックの余波は？米CPI警戒、6万円視野も - ig.com,https://news.google.com/rss/articles/CBMipwFBVV95cUxPTEN3T1NULTNkR19BVTQ0eWtSSmxkZzd6b3lKang2Z1BtTUQzSlg5Zk9CbUNncEpMdWlQM0gwdVVmeFlic3BIRnVub2hrUUlnZVI0SUZzczROS251VDRGQ2tlTDNpSEREejdFb3RQYnVvYVNmZ21TSF9FX2xYdUE3aU9DQlhDamxkVi02TXBzTERzN2xwN3lhWnRuRHpUOVJ1NXBTcHp1NA?oc=5,ig.com,2026-06-07 08:00,日経平均株価見通し：ブロードコム・ショックの余波は？米CPI警戒、6万円視野も&nbsp;&nbsp;ig.com,2026-06-08 16:08
日経平均,【速報】日経平均株価 終値は先週末比2563円安 米で利上げ観測高まり過去5番目下げ幅｜Quebee キュエビー - QAB 琉球朝日放送,https://news.google.com/rss/articles/CBMiWEFVX3lxTE5uU0RoV1dYd3Q3Zmk3Z3FkYW0zUmZET0gwV0ZFUlZ6dDhHVDg1TlhaVE1kRjllaXRnaEQzcHAtejIxQUNITDdidDhYWjlOOVFRU0wxSHVKemg?oc=5,QAB 琉球朝日放送,2026-06-08 06:36,【速報】日経平均株価 終値は先週末比2563円安 米で利上げ観測高まり過去5番目下げ幅｜Quebee キュエビー&nbsp;&nbsp;QAB 琉球朝日放送,2026-06-08 16:08
日経平均,米雇用統計ショックで大幅続落となった日経平均株価の今後を展望する【三井住友DSアセットマネジメント・チーフマーケットストラテジスト】 - ゴールドオンライン,https://news.google.com/rss/articles/CBMiUkFVX3lxTE5aNTR2dE5JTGhHOFV4R3FkQ0tfN1gtaXA1N1RyUXlwRjVzdHF3V19meXFkcXgzQkxZaTVzTjlrMkNSVFg5d1RFZGlIc0ozZlJVakE?oc=5,ゴールドオンライン,2026-06-08 04:45,米雇用統計ショックで大幅続落となった日経平均株価の今後を展望する【三井住友DSアセットマネジメント・チーフマーケットストラテジスト】&nbsp;&nbsp;ゴールドオンライン,2026-06-08 16:08
日経平均,日経平均 一時2500円超の大幅値下げ - テレ朝NEWS,https://news.google.com/rss/articles/CBMickFVX3lxTE5jdG50TFNiNW9tOUtZRGQzcmtoc1RjUEFDNnR6SE51V2J0blB2WV9DaGh3cnEtSXFpbXJXMks2UUNaYklGbGRsaTViRjFVQjVhOGgweHg2MnJ5Y0cxekhtc0MxVmtwb0J1TDAtWTlxbjEtdw?oc=5,テレ朝NEWS,2026-06-08 00:25,日経平均 一時2500円超の大幅値下げ&nbsp;&nbsp;テレ朝NEWS,2026-06-08 16:08
日経平均,【市況】 日経平均の下げ幅が3100円を超える - 株探(かぶたん),https://news.google.com/rss/articles/CBMiYEFVX3lxTE9MZkpEYlZfUlJDRDVfb0pibXhhM3hCbnl2Y1BPOHBFUHBuMTBJTkZWWDNiUzBpUG5NUkgyam5RMHZzeF9nWFpsWF9JcFMyMUJOMU0wbGtJS3hpbnhHTWlVdg?oc=5,株探(かぶたん),2026-06-08 01:32,【市況】 日経平均の下げ幅が3100円を超える&nbsp;&nbsp;株探(かぶたん),2026-06-08 16:08
日経平均,８日大引けの日経平均株価＝２５６３円５２銭安の６万４０２４円６０銭と大幅に３日続落(ウエルスアドバイザー) - Yahoo!ファイナンス,https://news.google.com/rss/articles/CBMihwFBVV95cUxQalhaS3ZMaU0yR2RNVUsySDAwU3QxcHhaNlFsWHptNThHTE93RzVFc1FoV1k0MDRiZmZzUU1xRURHZXI5REVxLVF5VHN3NnZybDVwYWcyck5ManR5amJvaVhXWHNzNFpXME94SUd4RjFrWlJpdW1YQm5HdFpTZm1neGNBYUMwWDg?oc=5,Yahoo!ファイナンス,2026-06-08 06:32,８日大引けの日経平均株価＝２５６３円５２銭安の６万４０２４円６０銭と大幅に３日続落(ウエルスアドバイザー)&nbsp;&nbsp;Yahoo!ファイナンス,2026-06-08 16:08
日経平均,【市況】 日経平均の下げ幅が2900円を超える - 株探(かぶたん),https://news.google.com/rss/articles/CBMiYEFVX3lxTE5DZFVld0pnd2hRRHExYzVIaVEwcy1EanN1aUhQcjlyWkpfTzFzZk9YYzM4STYtRUEyRkVfd3c5TXhxVEdDS04yWDlrUy05VE5aRE50UEgtNWU4aDc2YkhpXw?oc=5,株探(かぶたん),2026-06-08 01:27,【市況】 日経平均の下げ幅が2900円を超える&nbsp;&nbsp;株探(かぶたん),2026-06-08 16:08
日経平均,【市況】 日経平均の下げ幅が2800円を超える - 株探(かぶたん),https://news.google.com/rss/articles/CBMiYEFVX3lxTFBfcURWbEY2Sm1HRnN3QzF6U0VJV1d3SlZWbU1FcW5KUHRTUG9UOG5ETHNoMjl2X0xoOVE2UzlRVnlRMk1QMGgzTDJwalFtTmpVWkQwTVpOcUwtckU4MGxXMw?oc=5,株探(かぶたん),2026-06-08 01:25,【市況】 日経平均の下げ幅が2800円を超える&nbsp;&nbsp;株探(かぶたん),2026-06-08 16:08
日経平均,上昇トレンドは一服か､チャートで読む日経平均株価の今後 - 四季報オンライン,https://news.google.com/rss/articles/CBMiV0FVX3lxTFA3VkxmVWpFOU9GQ0JfdXRVcDQ4aVl1dFpwWmpoUkE4TGZpRkZSWkNjdkE5UUhWQUM3U19vSzJEQVRaZHVYd0hDQ0U5dU1JTW9ZM1FOVVpCWQ?oc=5,四季報オンライン,2026-06-06 23:00,上昇トレンドは一服か､チャートで読む日経平均株価の今後&nbsp;&nbsp;四季報オンライン,2026-06-08 16:08
日経平均,"2026年末の日本株見通しを日経平均株価60,000円に上方修正 総選挙結果と決算を反映 野村證券ストラテジストが解説 - nomura.co.jp",https://news.google.com/rss/articles/CBMiX0FVX3lxTE5oSWU3ZUtYb2J2YW9yMmlwdDNBbFh2RG1jUldFU0FiSW9EYmhxZEdQeGxFS3gwTDZIWFo4THEzSnpRZVZpWlk1ZlpEN21HNFRuMXRubkhGYjJqYzhka0lv?oc=5,nomura.co.jp,2026-06-05 07:00,"2026年末の日本株見通しを日経平均株価60,000円に上方修正 総選挙結果と決算を反映 野村證券ストラテジストが解説&nbsp;&nbsp;nomura.co.jp",2026-06-08 16:08
日経平均,日経平均株価 来週前半は売り優勢か？【マーケット先読み】 - テレ東BIZ,https://news.google.com/rss/articles/CBMiYkFVX3lxTE5xa1Eya0FMM3dkZ2ZRYUVrM3VIUmhveGdRRlVGcHBjMGVlM1hMMkNGbC1pUXNEQlF2Z2pGTnFjcFpNMlJiZ3h2YXVGU0QzZjRnc3RFbFFjYkFWN05XcE9POUVB?oc=5,テレ東BIZ,2026-06-07 02:55,日経平均株価 来週前半は売り優勢か？【マーケット先読み】&nbsp;&nbsp;テレ東BIZ,2026-06-08 16:08
日経平均,【市況】 日経VI：大幅に上昇、株価大幅安で警戒感強まる - 株探(かぶたん),https://news.google.com/rss/articles/CBMiYEFVX3lxTE1RUXFNa3Rjb2NpWE1MM1BZWFBfS3VtYUp4NUpkbE4tTHR3TUFBSzQ2QXFHeDdNU1MzTXB1Z3FlZjBqOWhyZUUySGUtdXZyaTc5b1VsNjJubnV6OTV0QW56RQ?oc=5,株探(かぶたん),2026-06-08 07:35,【市況】 日経VI：大幅に上昇、株価大幅安で警戒感強まる&nbsp;&nbsp;株探(かぶたん),2026-06-08 16:08
日経平均,８日前引けの日経平均株価＝２５４７円７２銭安の６万４０４０円４０銭と大幅に３日続落(ウエルスアドバイザー) - Yahoo!ファイナンス,https://news.google.com/rss/articles/CBMihwFBVV95cUxPVGlRWGJUM2ItZzBmQ1BJTzFaSzF1cExaQlFWXzh6M09aZXROWkVRZGJ6TTJab0ZTU3Btekc2dHRwY3pvd2pZUVdCR3R3YkNYMXd1LUVmRkhlNlJRTTVCUkJVbUVqMHlpei1PWlhlb1U0NDh4TTlGWEhsbDZUeUdLZ244MTRaX2M?oc=5,Yahoo!ファイナンス,2026-06-08 02:32,８日前引けの日経平均株価＝２５４７円７２銭安の６万４０４０円４０銭と大幅に３日続落(ウエルスアドバイザー)&nbsp;&nbsp;Yahoo!ファイナンス,2026-06-08 16:08
日経平均,【速報】日経平均株価 一時1600円超の下落 一方でTOPIXはプラス圏の場面も - TBS NEWS DIG,https://news.google.com/rss/articles/CBMiV0FVX3lxTFBjd1dpdEJZYm9oU3FESlFRMnROWXhFZzN1N21hdGJSc2U4STVJa3NCdmIyUTdkWURPOHJPcGhrMWRNM3hjQTB3Y28ySjdCZE8zeW91Nnlobw?oc=5,TBS NEWS DIG,2026-06-05 00:25,【速報】日経平均株価 一時1600円超の下落 一方でTOPIXはプラス圏の場面も&nbsp;&nbsp;TBS NEWS DIG,2026-06-08 16:08
日経平均,5日の日経平均株価は下落 - FOREX.com,https://news.google.com/rss/articles/CBMihgFBVV95cUxOTEZhWE1hSHh5OFZnVlk2TFJIMXdEX3B0bVR5emg4OTN1SlNVOVd3OTBpSk9LanR3c2t0QkVVVU8ta3FpRGpYZW1YbXNXSlprandpb080NldLQ0pTUHk0X0liZVZzZm1DMHpldVlYYUJoQmswRFRLcXNNc09CRkZ3UXFmdVowdw?oc=5,FOREX.com,2026-06-08 00:20,5日の日経平均株価は下落&nbsp;&nbsp;FOREX.com,2026-06-08 16:08
日経平均,日経平均が過去5番目の急落 米国の利上げモードで変調？（朝日新聞） - Yahoo!ニュース,https://news.google.com/rss/articles/CBMif0FVX3lxTE1XazlnOEF6MHZiSkw5emYtTmItTjE4Q1JicVVqUjV4aTVpVzFQQTd3NG9rT28zMGc0bEtzS01zLURNZjllSVVZYUNGNWlkVGNCUFZza0d2ek8yd0cydF9Ub0VFX1FXXy1oWXZ4SnNvaTAzQ3YxOWJQQmNmb3dWWE0?oc=5,Yahoo!ニュース,2026-06-08 07:35,日経平均が過去5番目の急落 米国の利上げモードで変調？（朝日新聞）&nbsp;&nbsp;Yahoo!ニュース,2026-06-08 16:08
日経平均,安いときに買って、上がるまで待つ！ 日経平均株価7万円へ？ 投資歴30年のベテラン投資家が狙う「次の一手」 - Yahoo!ニュース,https://news.google.com/rss/articles/CBMif0FVX3lxTFBwQXd0YzJaelVTdU16S1E1aV9YdlVxZ0dKYVN3VGFNcFZBejFHd0hHZENXUWlyMHRyS0MwMG5zYnpQSlpRcENPb3J6bnJES1lUWWY2RkFKMXVhSnlsbW5XWnY5Rll5YVEwdkRCWGZBYXdFc202Vk4xa0FDT040Vm8?oc=5,Yahoo!ニュース,2026-06-07 03:10,安いときに買って、上がるまで待つ！ 日経平均株価7万円へ？ 投資歴30年のベテラン投資家が狙う「次の一手」&nbsp;&nbsp;Yahoo!ニュース,2026-06-08 16:08
日経平均,〔ブル＆ベア〕日経平均株価・今週の重要ポイント(時事通信) - Yahoo!ファイナンス,https://news.google.com/rss/articles/CBMihwFBVV95cUxQWm1pQklfclM0cm1qTUpscU9PRXExcExEbEFyYmNkTGI4bzMteExXQlBjOU1RRm1iYmhHQjkyb1JaT09BVFg1ZDNLZVgwcUlaOTU5ejVjOF9MR2ZhNmZRb2Q4VnRsbU1PMzdKTEZTWkllNkp3NlJmRzJKc254Y0F2cW4tQjlZM1k?oc=5,Yahoo!ファイナンス,2026-06-07 23:11,〔ブル＆ベア〕日経平均株価・今週の重要ポイント(時事通信)&nbsp;&nbsp;Yahoo!ファイナンス,2026-06-08 16:08
日経平均,日経平均 一時下げ幅3100円超 AI・半導体関連株を中心に売り（2026年6月8日掲載）｜日テレNEWS NNN - 日テレNEWS NNN,https://news.google.com/rss/articles/CBMifEFVX3lxTE9zTHF1MlpoNnMyRGN0UjdGN2ZIeGdGZ3p5ckFSR3lxcE9iWVhkcnJCS21NMDBPZWM5MXNYMzRpRWk1ZWJBdWhzSjB1dXpVTWdYS1VMQlAtVFlUMHVKd3pMaU9qZnVYQ0pGOUQzdHJjUmQzRTZUaTJweTdHTXQ?oc=5,日テレNEWS NNN,2026-06-08 07:39,日経平均 一時下げ幅3100円超 AI・半導体関連株を中心に売り（2026年6月8日掲載）｜日テレNEWS NNN&nbsp;&nbsp;日テレNEWS NNN,2026-06-08 16:08
日経平均,日経平均株価が2563円52銭下げて取引終了 終値は6万4024円60銭 - FNNプライムオンライン,https://news.google.com/rss/articles/CBMiTkFVX3lxTE9ENENKX3J3b2V1eHlGNWVxVjhsUVNPVUVlc0V1cV9CQ24zLVBiNkcwSGxBdVBxNGJJQk5BdU5OMW5rSEtnUy0wRDBsNWlFQQ?oc=5,FNNプライムオンライン,2026-06-08 06:31,日経平均株価が2563円52銭下げて取引終了 終値は6万4024円60銭&nbsp;&nbsp;FNNプライムオンライン,2026-06-08 16:08
日経平均,８日の東京株式市場見通し＝落ち着きどころを探る展開か 速報 - kabushiki.jp,https://news.google.com/rss/articles/CBMiR0FVX3lxTE9sMWRkMnh1LUNJdDB3YjRod1lNdjBfTGx2OHR3RkQzd3dZdFh2bGUwelh4Z2pkclJhaVFZVkV6eWlQajlsbzFv?oc=5,kabushiki.jp,2026-06-07 22:47,８日の東京株式市場見通し＝落ち着きどころを探る展開か 速報&nbsp;&nbsp;kabushiki.jp,2026-06-08 16:08
日経平均,"日経平均株価、1,866円安 FOMCはややタカ派的、イラン情勢への楽観論も一部後退 野村證券ストラテジストが解説 - nomura.co.jp",https://news.google.com/rss/articles/CBMiX0FVX3lxTE41bnAtQXFycEltUHpzVE1reDhQMkJndVdFR3ZQYlppRkpGRWhuSnJ1T3FkMGhPRFpTV2ZLQWpPNnk2VXY3US1IbkkyQ21NN1lyZEhkdUUtSGRKaVR2N2NB?oc=5,nomura.co.jp,2026-06-05 07:00,"日経平均株価、1,866円安 FOMCはややタカ派的、イラン情勢への楽観論も一部後退 野村證券ストラテジストが解説&nbsp;&nbsp;nomura.co.jp",2026-06-08 16:08
日経平均,伊藤智洋が読む「日経平均株価・短期シナリオ」 (6月5日記） - 株探(かぶたん),https://news.google.com/rss/articles/CBMiYEFVX3lxTE04MFV0NzFTRGlVeVlvWmxkZTlwWVp5M0RHdjBjX1J5aWloYUpHV0o5eTBlX25tVjVtVmNNRTBfTUtVaURLYWlwT1M2UVF6ckU1aWktMWpvcEdHMVhuLTIyQw?oc=5,株探(かぶたん),2026-06-04 23:11,伊藤智洋が読む「日経平均株価・短期シナリオ」 (6月5日記）&nbsp;&nbsp;株探(かぶたん),2026-06-08 16:08
日経平均,【速報】日経平均株価 終値は先週末比2563円安 米で利上げ観測高まり過去5番目下げ幅 - テレ朝NEWS,https://news.google.com/rss/articles/CBMickFVX3lxTE5HakNiYU50UTFoVWtpZWVQcG5DYjJERnpYMVJRc1hxM05HNHg0eVZCWW9QeTlyT1B1NExXN1h2TXZVaUhPY0RadXRUaDZ1Z0dvOHEyeTh4TXR1ZFFJNzhVZUUycy03MTA2MnJ3TmZ6OEZVdw?oc=5,テレ朝NEWS,2026-06-08 06:36,【速報】日経平均株価 終値は先週末比2563円安 米で利上げ観測高まり過去5番目下げ幅&nbsp;&nbsp;テレ朝NEWS,2026-06-08 16:08
日経平均,日経平均株価、大幅下落 一時3000円超値下がり アメリカ市場の株安受け半導体関連銘柄を中心に売り広がる - FNNプライムオンライン,https://news.google.com/rss/articles/CBMiTkFVX3lxTE1XcFREUVA1aEpqSzFzTWg5dVVRMkVzRGU4UjFlZ29WSjJIdmNvUEg5SzdkN3dTS1JaalNDRjhjNGNxOGNQcURQeVVncmU3dw?oc=5,FNNプライムオンライン,2026-06-08 02:20,日経平均株価、大幅下落 一時3000円超値下がり アメリカ市場の株安受け半導体関連銘柄を中心に売り広がる&nbsp;&nbsp;FNNプライムオンライン,2026-06-08 16:08
日経平均,"日経平均株価1,276円下落 トランプ大統領演説受けて楽観論後退、日本経済への影響は？ 野村證券・岡崎康平 - nomura.co.jp",https://news.google.com/rss/articles/CBMiX0FVX3lxTFB1emRRaXA4bzNOMld4WFhET1V2T0VQLUFmcE10YjJtbGd3MGNxdkRtV3NidzJQeGJ0eGNJTkx3YVIzUzJSMTBvZ1MxUEZXWW53UzVSVzMxU1lPZ1hxbTBB?oc=5,nomura.co.jp,2026-06-05 07:00,"日経平均株価1,276円下落 トランプ大統領演説受けて楽観論後退、日本経済への影響は？ 野村證券・岡崎康平&nbsp;&nbsp;nomura.co.jp",2026-06-08 16:08
日経平均,８日後場寄り付きの日経平均株価＝２４３１円０６銭安の６万４１５７円０６銭(ウエルスアドバイザー) - Yahoo!ファイナンス,https://news.google.com/rss/articles/CBMihwFBVV95cUxQdEdaYXhEQkVmdUhhbkdEeC1WaXBFOElPcks4MG5odlpZZWhzZDY1M2xYVHZsRDBZNmhyTDVsTXd0cWl6R0hVZVBLank1STFTbzAzbXNVWWJWd0M4anRsUndibHY2OXBXRm55U1NoeV9QdF9ibVp4UndWb1dHS0t3RDhGd0RwdVE?oc=5,Yahoo!ファイナンス,2026-06-08 03:31,８日後場寄り付きの日経平均株価＝２４３１円０６銭安の６万４１５７円０６銭(ウエルスアドバイザー)&nbsp;&nbsp;Yahoo!ファイナンス,2026-06-08 16:08
日経平均,画像・写真：日経平均株価を示すモニター：時事ドットコム - 時事ドットコム,https://news.google.com/rss/articles/CBMiZEFVX3lxTFBXNVk4MThUNThuRU40ZGs4d0VublVVLWk1d0JsY2FOWlV3eVFqdHpsLTFJQTV3UTdlNzJoS2VCVk1jS1h6azd0TXJjclRFM3VnNUxBdUF5UjgxQjdWRGZ1cDY1RWQ?oc=5,時事ドットコム,2026-06-08 01:33,画像・写真：日経平均株価を示すモニター：時事ドットコム&nbsp;&nbsp;時事ドットコム,2026-06-08 16:08
日経平均,東京株急落、一時３１００円超安 米利上げ観測、ハイテク株売りで - 時事ドットコム,https://news.google.com/rss/articles/CBMiY0FVX3lxTE5YeG9WMS1lV1NJWV9ZZVh1UE5HOS0xTlUxWkhvWXVvRFA0dmx5bDlwTjhJTWxJV2laeTlFSE1GdXNHTkNMQ3BBQ2xIYThqekdMNXpmUVA4Q0tnemNib3hDNnBZVQ?oc=5,時事ドットコム,2026-06-08 02:54,東京株急落、一時３１００円超安 米利上げ観測、ハイテク株売りで&nbsp;&nbsp;時事ドットコム,2026-06-08 16:08
日経平均,日経平均、2547円72銭安の6万4040円40銭で終了＝東京株式前場(時事通信) - Yahoo!ファイナンス,https://news.google.com/rss/articles/CBMihwFBVV95cUxPUzNEVEUwTGdwc2c4V0trX3kwaTBVY1lwdDBqOVp0QU1JTTlwVEl5X2xmaktVenpHSXA5NW1wY1kyVzVMZnR5cF9DMUluNXFhV0dXRTBzaGZSaTg1d1ZiWkxKRDdYTUwyZV9LYUZaRElTU3g3ODFocDZKMmU4UFBnaFZVdmpzZ2c?oc=5,Yahoo!ファイナンス,2026-06-08 02:31,日経平均、2547円72銭安の6万4040円40銭で終了＝東京株式前場(時事通信)&nbsp;&nbsp;Yahoo!ファイナンス,2026-06-08 16:08
日経平均,日本株急落で野村予想の6月末レンジ下限に接近 景気・業績の下振れを相当織り込む水準に 野村證券ストラテジストが解説 - nomura.co.jp,https://news.google.com/rss/articles/CBMiX0FVX3lxTE82SVdSVzNmZFlUVkw4dGNsOHZsUDNyT1k0eUh5VlJoXzNKQ2c1dHNadmxnaC02RG40NlpxcDBvbE5mSWRubmJvb0NGdC1kb09YQ2xPclEzMVdpeXdpZG00?oc=5,nomura.co.jp,2026-06-05 07:00,日本株急落で野村予想の6月末レンジ下限に接近 景気・業績の下振れを相当織り込む水準に 野村證券ストラテジストが解説&nbsp;&nbsp;nomura.co.jp,2026-06-08 16:08
日経平均,日経平均は3日続落、一時3100円超安 米ハイテク株安と過熱感で - Reuters,https://news.google.com/rss/articles/CBMigAFBVV95cUxPZ29kOS05UWZVMjJ0TzBYQWFRb1N0emNEVHo4TFRMeDdqSl9hV3ItSjJkV193Y2RWeHpkdWkzMGMxVjBmaUd3UVZCaHVXQlJPdTA4QzNFbm9LZ3ctTUY0Wjlwemljd2lQVUtZVFFBb3J1TU5QSlQxTmtadHdUN25pUA?oc=5,Reuters,2026-06-08 07:16,日経平均は3日続落、一時3100円超安 米ハイテク株安と過熱感で&nbsp;&nbsp;Reuters,2026-06-08 16:08
日経平均,日経平均、2563円52銭安の6万4024円60銭で終了＝東京株式(時事通信) - Yahoo!ファイナンス,https://news.google.com/rss/articles/CBMihwFBVV95cUxNMk52VnJPQ08tc2Q3ZFE2Y2JnMzJLYUhHd294Wi13QXBNTEVObFBtX1JjQlcxMEJ0TDFGUDllZ19lY1hpZnNUUVVkR1ZhUThGRkhRb2RFcGo4U1JoOHVwZTdoajBYejdGazhTVFNxVm9yRXNsVVFVb0V0Ml9MNExXR3p3Mm1fczQ?oc=5,Yahoo!ファイナンス,2026-06-08 06:30,日経平均、2563円52銭安の6万4024円60銭で終了＝東京株式(時事通信)&nbsp;&nbsp;Yahoo!ファイナンス,2026-06-08 16:08
日経平均,米国株急落・日経平均急落でスタート、今後は？ - SBI証券,https://news.google.com/rss/articles/CBMidEFVX3lxTFB4YzdIc1l2UkFTaGtGdFZfRWFYeHctTlZpeC1JSzJzZXRxUDRRdUIwNXllN2FzOXlTSHItVWs1RTR1WEZubU1KajRGcEt6X0xaNnpWRkM1RDhfUDlweEkwSUh0eXVJeFl4aU1pOTBVUXAxdlRY?oc=5,SBI証券,2026-06-08 01:05,米国株急落・日経平均急落でスタート、今後は？&nbsp;&nbsp;SBI証券,2026-06-08 16:08
日経平均,日経平均株価が一時3000円超下落、市場に何が起きたのか?急落の背景と今後の見通し【2026年6月8日】 - EBC Financial Group,https://news.google.com/rss/articles/CBMiUkFVX3lxTE5xaE1BaHVUN1I1b25RVkt1SzcyLUh0TGVUVUJjWm4yMXRCbEJqQmd3T3pqVWVwWDBuWkt2Mmk0LTV4VWFDODc3OXRXZS1hbTNOa1E?oc=5,EBC Financial Group,2026-06-08 03:46,日経平均株価が一時3000円超下落、市場に何が起きたのか?急落の背景と今後の見通し【2026年6月8日】&nbsp;&nbsp;EBC Financial Group,2026-06-08 16:08
日経平均,日経平均が11日ぶり6万4000円台割れ(株探ニュース) - Yahoo!ファイナンス,https://news.google.com/rss/articles/CBMihwFBVV95cUxPRUZMZkItVGFLMDVvam5kUW1XNU9VYXNuRnl3MndZZEtxQ0dzS1VPMDA5UjdXWldNZV9nZHMtckxkblNWRUp1eTcxenowWHI1V2IzWDRfcE5VM0d1ODcwV1B4M1dCaHo0TDJpZ2NoSVhza2pzWGVxVUJSQ1R3X2ZZNzh0bjlWWWs?oc=5,Yahoo!ファイナンス,2026-06-08 00:25,日経平均が11日ぶり6万4000円台割れ(株探ニュース)&nbsp;&nbsp;Yahoo!ファイナンス,2026-06-08 16:08
日経平均,日経平均、2800円超安＝東京株式(時事通信) - Yahoo!ファイナンス,https://news.google.com/rss/articles/CBMihwFBVV95cUxNbjFLeExZR2k3Nk1qRkFYbFQ2YTBKVDJsTzc1T1Jta1RfY0VCTGRtWlB5MFMwY1lMMUp3RGUxcG5RX0ozeEx2MFZRbnlneHFLTnNfa20yTUxveXF3ODMwdjBUREF6aC1HSmE2RjdySkR0VHR4RVZVQUdpWXU3U09Td1VkenlDZ2M?oc=5,Yahoo!ファイナンス,2026-06-08 01:24,日経平均、2800円超安＝東京株式(時事通信)&nbsp;&nbsp;Yahoo!ファイナンス,2026-06-08 16:08
日経平均,日経平均の下げ幅が2200円を超える(株探ニュース) - Yahoo!ファイナンス,https://news.google.com/rss/articles/CBMihwFBVV95cUxNdFNHeUQwaUpYazNOaUwwT28xT2M4eVhlQ1N0YkU3TC0zaW9samE1V1N6cUN2R2I2aHRzR3h0Ui1GczBvYy1TRjFKdVFsdC1sWXB3aHZGUjMwbGhKUllwUUZfdklpWU12YXBxdlNET3FrYXpGejZPRTBnRTJJNUVzY3dJSk5ySVE?oc=5,Yahoo!ファイナンス,2026-06-08 00:10,日経平均の下げ幅が2200円を超える(株探ニュース)&nbsp;&nbsp;Yahoo!ファイナンス,2026-06-08 16:08
日経平均,14時の日経平均は2727円安の6万3861円、アドテストが403.07円押し下げ(株探ニュース) - Yahoo!ファイナンス,https://news.google.com/rss/articles/CBMihwFBVV95cUxONXpvdHp4Q2NFcXpaa1NxVFdOckNoTjJPdmRBREttZnctYS13aTVQTUtERlZabXVkazVCOXJCTzRZT3NIN2NMWTdyV2tBQUdyazAwaV9md19aYVQ1ZmZhSXI0MTNDRFRRSHZiVmhUUHhnYTRjbGcxREw4ZWVIcFF2Q1BRbnBtUms?oc=5,Yahoo!ファイナンス,2026-06-08 05:01,14時の日経平均は2727円安の6万3861円、アドテストが403.07円押し下げ(株探ニュース)&nbsp;&nbsp;Yahoo!ファイナンス,2026-06-08 16:08
日経平均,日経平均の下げ幅が2900円を超える(株探ニュース) - Yahoo!ファイナンス,https://news.google.com/rss/articles/CBMihwFBVV95cUxNSG9PazZZbmVlenU5Vi1WMUZKa1doa0RYcFRRdllVdy0zSTNDX0ZIOGQ4bjJPX0VOdk94M2ZxUVBLampoZHByUlVqQ2NZMjVJTkplcDM3MmhrY2ZfMEQ2cGctMVBudFV5Ykh6em91Q0lJTjE0amVSQjNKVE9RcXp3Tm84NVZBalU?oc=5,Yahoo!ファイナンス,2026-06-08 01:27,日経平均の下げ幅が2900円を超える(株探ニュース)&nbsp;&nbsp;Yahoo!ファイナンス,2026-06-08 16:08
日経平均,【市況】 日経平均は640円安でスタート、東京エレクトロンや日立などが下落／寄り付き概況 - 株探(かぶたん),https://news.google.com/rss/articles/CBMiYEFVX3lxTE5rUEh6NGl2WVEyUVpWUlQ2Tm9TOEhzeFVDdEV3YUxwOVo2NlJGY29IOG9ERVQ1dHNLNTV3VjdabFg2dy1WTlhQc2d6a1FtQ3RVclJGMVRIcTFmOTNGZlN0OA?oc=5,株探(かぶたん),2026-06-08 00:31,【市況】 日経平均は640円安でスタート、東京エレクトロンや日立などが下落／寄り付き概況&nbsp;&nbsp;株探(かぶたん),2026-06-08 16:08
日経平均,日経平均は大幅に３日続落、米半導体株安受け売り先行＝８日寄り付き 速報 - kabushiki.jp,https://news.google.com/rss/articles/CBMiR0FVX3lxTE53dXNScldGS2FCTV9mdjZYUUlXdENFcGhLTVJmMW5uSHJNZWlJMUlvSEdSSmVlektpWlB3SUxSQVpFR1p0SFRJ?oc=5,kabushiki.jp,2026-06-08 00:05,日経平均は大幅に３日続落、米半導体株安受け売り先行＝８日寄り付き 速報&nbsp;&nbsp;kabushiki.jp,2026-06-08 16:08
日経平均,13時の日経平均は2406円安の6万4181円、ＳＢＧが399.05円押し下げ(株探ニュース) - Yahoo!ファイナンス,https://news.google.com/rss/articles/CBMihwFBVV95cUxPR1Z5OW96OFlQMkx2dlNvVXdZMXEtOXVwLS1hWlB2aEVfOFBScWZ1MThfbEpOU0FfZXNvVjRWVkZkRVhEVHNhOGEyNWNZVTFWbGwxWnRMbHZJakNNeXI1UEd6NHZLc25FdnVxbUxQSVJjdFBUeU9jZWFCTDNBbzA0WElyUW00cmc?oc=5,Yahoo!ファイナンス,2026-06-08 04:01,13時の日経平均は2406円安の6万4181円、ＳＢＧが399.05円押し下げ(株探ニュース)&nbsp;&nbsp;Yahoo!ファイナンス,2026-06-08 16:08
日経平均,【速報】日経平均株価 終値6万8402円 また最高値を更新 - TBS NEWS DIG,https://news.google.com/rss/articles/CBMiV0FVX3lxTE1VX25ESHhjSEEwYWpSdUdEOWZMaHk4eTdrOVFGNkE2Z3Q3QWlZSDNzTGNfcDZseTQ5TUh6YVROaTlVQTV4X1JjRWlyMjBnYzNfcndzSkxhMA?oc=5,TBS NEWS DIG,2026-06-03 06:35,【速報】日経平均株価 終値6万8402円 また最高値を更新&nbsp;&nbsp;TBS NEWS DIG,2026-06-08 16:08
日経平均,連日最高値を更新も｢上昇余地がある｣日経平均銘柄TOP10 - 四季報オンライン,https://news.google.com/rss/articles/CBMiV0FVX3lxTE15R0R0ZkhMNktZelhPa2dDaml1VUk5Z1lNYjFhaThSSnRZNVY5ME1Hb2hjMElxUnRCQ09EaEpSRzBBTndKZE9BeVNzeERFaFVSVFdESlF2SQ?oc=5,四季報オンライン,2026-06-07 22:11,連日最高値を更新も｢上昇余地がある｣日経平均銘柄TOP10&nbsp;&nbsp;四季報オンライン,2026-06-08 16:08
日経平均,８日寄り付きの日経平均株価＝６４０円５６銭安の６万５９４７円５６銭(ウエルスアドバイザー) - Yahoo!ファイナンス,https://news.google.com/rss/articles/CBMihwFBVV95cUxNV3J5MTMtSk9OUEp1bU80VVNVRk8zWGdfM0pxY09XMUVUZ2tmNHhWMHBzajF4MmlNYVgxX1dlVEt4Y2tpSTJWd010N1dmVl9qWGZQRC1FdGdOWEgzVWtRWVlxdjN0WlVzRFRSTllVT0hHREYxdXJjNE5nS0g1VEtERDF1a0lSM1U?oc=5,Yahoo!ファイナンス,2026-06-08 00:01,８日寄り付きの日経平均株価＝６４０円５６銭安の６万５９４７円５６銭(ウエルスアドバイザー)&nbsp;&nbsp;Yahoo!ファイナンス,2026-06-08 16:08
日経平均,日経平均、3100円超安＝東京株式(時事通信) - Yahoo!ファイナンス,https://news.google.com/rss/articles/CBMihwFBVV95cUxNVlpFRVUtVG1lLTE4eXJ6cDJzTWhFMmtVbkRWNlRES016dVZDckhDTXY1V3Mwdm5BU3FtSE9jV2NqdlUtb0F5cjVPazVmQ3R5REdfcTJyZklkejlJMGtWeWVDWVJnR1VQa2x2OVM2VlJGSUMtUl9YLWJ3SWFWQnI1UURGTC1nNTg?oc=5,Yahoo!ファイナンス,2026-06-08 01:31,日経平均、3100円超安＝東京株式(時事通信)&nbsp;&nbsp;Yahoo!ファイナンス,2026-06-08 16:08
日経平均,【速報】日経平均 3000円超の大幅下落 6万3000円台（2026年6月7日掲載）｜日テレNEWS NNN - 日テレNEWS NNN,https://news.google.com/rss/articles/CBMifEFVX3lxTE02eENRNGdFUWZfclZXdkhpd2JEdTdDcHNoTHhnSXJUNWc5d3hKZjdXbXNIVGd4ZkVZYU5PN1o3RWUyazVmdU45T0x3VWNXU2hKcUxiQ2VZMmowaHpzMXktSUYzMUFHNU40ckRpQkJZcDB5M2VOZ3d6aTZZQlg?oc=5,日テレNEWS NNN,2026-06-08 01:34,【速報】日経平均 3000円超の大幅下落 6万3000円台（2026年6月7日掲載）｜日テレNEWS NNN&nbsp;&nbsp;日テレNEWS NNN,2026-06-08 16:08
日経平均,今週のマーケット：AI関連株、日経平均の急落。米物価指標、大型IPOの行方に注目(トウシル) - Yahoo!ファイナンス,https://news.google.com/rss/articles/CBMihwFBVV95cUxQNHNBVmIzMUh0ZVhjTFdrSHlLd2ZwRzdDS0NfTklNUnlXNFpTd1ZGUU1TZDltbElFeWRHbUxBSkt5eC1ERDZnVldzcm0yNnlnVUdiMURULTVRZ3ZHNlU5eWtxeFJ3cUdQa1MwTjBiVFc5c2NFdlNWcGF5dUlfWkpUdHBzQXk0ZG8?oc=5,Yahoo!ファイナンス,2026-06-08 06:15,今週のマーケット：AI関連株、日経平均の急落。米物価指標、大型IPOの行方に注目(トウシル)&nbsp;&nbsp;Yahoo!ファイナンス,2026-06-08 16:08
日経平均,15時の日経平均は2895円安の6万3692円、東エレクが450.54円押し下げ(株探ニュース) - Yahoo!ファイナンス,https://news.google.com/rss/articles/CBMihwFBVV95cUxNY2NrYzJOOE1pcHZPWElPLUdiLVYwMThmc0pTT1FNUmVPTEFFZkNIRmZwTHVUTVdXVXFGdUR6WUt6YlBXSWFSdEdDMFdFQmlvUVg1bWUtWDJRRGZhcTFLLUVLS2YtV1pRM1N0aWJTNzE2NlZLYjhMRFJCOGVMSXY2N09GQkR4SmM?oc=5,Yahoo!ファイナンス,2026-06-08 06:01,15時の日経平均は2895円安の6万3692円、東エレクが450.54円押し下げ(株探ニュース)&nbsp;&nbsp;Yahoo!ファイナンス,2026-06-08 16:08
日経平均,日経平均、2431円06銭安の6万4157円06銭で始まる＝東京株式後場（時事通信） - Yahoo!ニュース,https://news.google.com/rss/articles/CBMif0FVX3lxTFBGb2hPTWdJUlhJcHcxVEdnTE9SX0JtS2VGSE5DTEIxNGVIZWcyekNteC01Rm1tVVFuTDdPUTRWNVBRVmlGbTl4RXJpZ1NJMXo2SGhXNE40eFU4M0UwNTBqQU1ZVU9SNUtKUjJMSlhPdlJGOEw4UUtiSEZJM2d1ZTg?oc=5,Yahoo!ニュース,2026-06-08 04:00,日経平均、2431円06銭安の6万4157円06銭で始まる＝東京株式後場（時事通信）&nbsp;&nbsp;Yahoo!ニュース,2026-06-08 16:08
日経平均,日経平均の下げ幅が2600円を超える - 株探(かぶたん),https://news.google.com/rss/articles/CBMiUkFVX3lxTE5hbEFXR0pNRjhxTDlIS3lwUnZ3R3ZJSVFycFJsQTVIbkp5a2Z5WVZtSjVfLXI2aEtseFJTMUZzUW1kVTVTU1RXYlNaOHBMNWV4S2c?oc=5,株探(かぶたん),2026-06-08 00:21,日経平均の下げ幅が2600円を超える&nbsp;&nbsp;株探(かぶたん),2026-06-08 16:08
日経平均,【市況】 日経平均大引け：前週末比2563.52円安の64024.60円 - 株探(かぶたん),https://news.google.com/rss/articles/CBMiYEFVX3lxTE4wMmhBOFFYdXdQM0hoc1JaLWpEbU1ZN0dzZHVUZ1kxcDBkdElNV3Jqal9RWXhtVzQ0WmhSRENvd3R3dnR0eFp3T05XVG12SW45cDduWmZmTmNaeW1UcUg2TQ?oc=5,株探(かぶたん),2026-06-08 06:34,【市況】 日経平均大引け：前週末比2563.52円安の64024.60円&nbsp;&nbsp;株探(かぶたん),2026-06-08 16:08
日経平均,日経平均は２４７０円程度安、マイナス寄与度はソフバンＧ、東エレク、アドバンテスなど 速報 - kabushiki.jp,https://news.google.com/rss/articles/CBMiR0FVX3lxTE85RVNtQVVSeDQwcjFUQTZqOHkxN0VITGZ2QVN6QlR1allJX0hzcl80ZG8wbkYtbHhkWUVtODJNZmNZazI5NGJF?oc=5,kabushiki.jp,2026-06-08 03:52,日経平均は２４７０円程度安、マイナス寄与度はソフバンＧ、東エレク、アドバンテスなど 速報&nbsp;&nbsp;kabushiki.jp,2026-06-08 16:08
日経平均,日経平均の下げ幅が2800円を超える(株探ニュース) - Yahoo!ファイナンス,https://news.google.com/rss/articles/CBMihwFBVV95cUxQWUpXcjFsZE5xNlUtSDUyVHk1NzVPbGtSeGREQ1ozbFFfT3FwdVFwOGVkY0xpZVFPQXlvdlpnTFFFRjRWZEc2MEhPTDZXVEJFYnFDbThOd1NIWFhxX3ZrZ1BXX1pNVlRPTTRzWEFhVXhwcndNd0pjaTJkZUZWMEdMVkowb3FUT0U?oc=5,Yahoo!ファイナンス,2026-06-08 01:25,日経平均の下げ幅が2800円を超える(株探ニュース)&nbsp;&nbsp;Yahoo!ファイナンス,2026-06-08 16:08
日経平均,日経平均の下げ幅が2300円を超える(株探ニュース) - Yahoo!ファイナンス,https://news.google.com/rss/articles/CBMihwFBVV95cUxNbFZZUk15Q1ZYX3MyYzNFNUNyZzUwWnYtbGI3RlIzRjJGcmVfckFuMnQ0TTI3eVdQOFFSX0ZsYkV1dHlrUnJhNGJKTnBoWWN6WXg2SkxqMEtMeVVvRF94bVFxTHBWT215YW85MnUwUXNMSEdpZ0tVMlIzci1RQXctcGx5bWwyODg?oc=5,Yahoo!ファイナンス,2026-06-08 00:11,日経平均の下げ幅が2300円を超える(株探ニュース)&nbsp;&nbsp;Yahoo!ファイナンス,2026-06-08 16:08
日経平均,日経平均は２４２０円程度安、米半導体株安受け関連株中心に弱い動き続く＝８日前場 速報 - kabushiki.jp,https://news.google.com/rss/articles/CBMiR0FVX3lxTFBNN2hvZUQtQVRIQVJ0SEUyWmdQcVc5bnl3dElIVXNOVjZfUDhxdGdzNmg3RnVpSEY0ZUVXNDJXSm5FVnhoaU04?oc=5,kabushiki.jp,2026-06-08 01:10,日経平均は２４２０円程度安、米半導体株安受け関連株中心に弱い動き続く＝８日前場 速報&nbsp;&nbsp;kabushiki.jp,2026-06-08 16:08
日経平均,日経平均の下げ幅が2600円を超える(株探ニュース) - Yahoo!ファイナンス,https://news.google.com/rss/articles/CBMihwFBVV95cUxPYkZlaWxFaHBGcjc0X0l4QUJPUGt4TDJZbW9BWGNNc3FjX0RFdzdvX2xuc2dIWFh1QTRwdURWZHAza2gzNUt5YzQ1UGp0WERrYkNxdVUySFlTZzRmdi1PN2FaMW1QZ2wxTE84OThJRUhwSTlvWUYwMXhCSVZaVGdmNldldEh3UWc?oc=5,Yahoo!ファイナンス,2026-06-08 00:21,日経平均の下げ幅が2600円を超える(株探ニュース)&nbsp;&nbsp;Yahoo!ファイナンス,2026-06-08 16:08
日経平均,日経平均株価はいくらまで上昇するのか？ 企業収益で見たバリュエーションから推測する - ダイヤモンド・オンライン,https://news.google.com/rss/articles/CBMiU0FVX3lxTFBPcUVFekVqS2pjTEpLX294d3BOSVVfR1JrTVR4bnAwYkk2Q0RBbHBQendxaXIwUGVESmlOaGZVV2k1M2thX0wxQ0lGNHVKUXg2aFA4?oc=5,ダイヤモンド・オンライン,2026-06-02 08:00,日経平均株価はいくらまで上昇するのか？ 企業収益で見たバリュエーションから推測する&nbsp;&nbsp;ダイヤモンド・オンライン,2026-06-08 16:08
